Date,Area,Population_Served,Actual_LPCD,Norm_LPCD,Wastage_LPCD
17-09-2024,POONDI,191708,148.3,135,13.3
18-09-2024,POONDI,191708,136.6,135,1.6
19-09-2024,POONDI,191708,186.3,135,51.3
20-09-2024,POONDI,191708,152.7,135,17.7
21-09-2024,POONDI,191708,113.8,135,0.0
22-09-2024,POONDI,191708,181.4,135,46.4
23-09-2024,POONDI,191708,132.3,135,0.0
24-09-2024,POONDI,191708,125.5,135,0.0
25-09-2024,POONDI,191708,187.9,135,52.9
26-09-2024,POONDI,191708,151.9,135,16.9
27-09-2024,POONDI,191708,159.0,135,24.0
28-09-2024,POONDI,191708,159.7,135,24.7
29-09-2024,POONDI,191708,140.9,135,5.9
30-09-2024,POONDI,191708,133.6,135,0.0
01-10-2024,POONDI,191708,136.8,135,1.8
02-10-2024,POONDI,191708,177.2,135,42.2
03-10-2024,POONDI,191708,149.1,135,14.1
04-10-2024,POONDI,191708,171.3,135,36.3
05-10-2024,POONDI,191708,143.5,135,8.5
06-10-2024,POONDI,191708,129.9,135,0.0
07-10-2024,POONDI,191708,116.2,135,0.0
08-10-2024,POONDI,191708,158.0,135,23.0
09-10-2024,POONDI,191708,178.9,135,43.9
10-10-2024,POONDI,191708,127.3,135,0.0
11-10-2024,POONDI,191708,155.3,135,20.3
12-10-2024,POONDI,191708,117.5,135,0.0
13-10-2024,POONDI,191708,133.9,135,0.0
14-10-2024,POONDI,191708,150.4,135,15.4
15-10-2024,POONDI,191708,110.4,135,0.0
16-10-2024,POONDI,191708,144.6,135,9.6
17-10-2024,POONDI,191708,128.3,135,0.0
18-10-2024,POONDI,191708,157.1,135,22.1
19-10-2024,POONDI,191708,141.7,135,6.7
20-10-2024,POONDI,191708,163.8,135,28.8
21-10-2024,POONDI,191708,139.4,135,4.4
22-10-2024,POONDI,191708,117.8,135,0.0
23-10-2024,POONDI,191708,115.3,135,0.0
24-10-2024,POONDI,191708,106.8,135,0.0
25-10-2024,POONDI,191708,157.7,135,22.7
26-10-2024,POONDI,191708,196.2,135,61.2
27-10-2024,POONDI,191708,153.7,135,18.7
28-10-2024,POONDI,191708,178.4,135,43.4
29-10-2024,POONDI,191708,167.7,135,32.7
30-10-2024,POONDI,191708,134.6,135,0.0
31-10-2024,POONDI,191708,170.3,135,35.3
01-11-2024,POONDI,191708,135.4,135,0.4
02-11-2024,POONDI,191708,135.8,135,0.8
03-11-2024,POONDI,191708,140.8,135,5.8
04-11-2024,POONDI,191708,141.8,135,6.8
05-11-2024,POONDI,191708,158.2,135,23.2
06-11-2024,POONDI,191708,131.6,135,0.0
07-11-2024,POONDI,191708,162.8,135,27.8
08-11-2024,POONDI,191708,162.5,135,27.5
09-11-2024,POONDI,191708,151.9,135,16.9
10-11-2024,POONDI,191708,183.8,135,48.8
11-11-2024,POONDI,191708,170.7,135,35.7
12-11-2024,POONDI,191708,166.4,135,31.4
13-11-2024,POONDI,191708,146.3,135,11.3
14-11-2024,POONDI,191708,152.0,135,17.0
15-11-2024,POONDI,191708,155.5,135,20.5
16-11-2024,POONDI,191708,145.3,135,10.3
17-11-2024,POONDI,191708,137.5,135,2.5
18-11-2024,POONDI,191708,96.9,135,0.0
19-11-2024,POONDI,191708,159.4,135,24.4
20-11-2024,POONDI,191708,165.8,135,30.8
21-11-2024,POONDI,191708,121.8,135,0.0
22-11-2024,POONDI,191708,157.1,135,22.1
23-11-2024,POONDI,191708,133.2,135,0.0
24-11-2024,POONDI,191708,137.7,135,2.7
25-11-2024,POONDI,191708,171.2,135,36.2
26-11-2024,POONDI,191708,125.2,135,0.0
27-11-2024,POONDI,191708,125.2,135,0.0
28-11-2024,POONDI,191708,181.1,135,46.1
29-11-2024,POONDI,191708,142.1,135,7.1
30-11-2024,POONDI,191708,169.9,135,34.9
01-12-2024,POONDI,191708,113.0,135,0.0
02-12-2024,POONDI,191708,114.6,135,0.0
03-12-2024,POONDI,191708,126.7,135,0.0
04-12-2024,POONDI,191708,135.4,135,0.4
05-12-2024,POONDI,191708,116.9,135,0.0
06-12-2024,POONDI,191708,152.4,135,17.4
07-12-2024,POONDI,191708,153.7,135,18.7
08-12-2024,POONDI,191708,127.0,135,0.0
09-12-2024,POONDI,191708,128.6,135,0.0
10-12-2024,POONDI,191708,131.3,135,0.0
11-12-2024,POONDI,191708,121.7,135,0.0
12-12-2024,POONDI,191708,87.1,135,0.0
13-12-2024,POONDI,191708,143.3,135,8.3
14-12-2024,POONDI,191708,136.4,135,1.4
15-12-2024,POONDI,191708,138.4,135,3.4
16-12-2024,POONDI,191708,124.8,135,0.0
17-12-2024,POONDI,191708,161.2,135,26.2
18-12-2024,POONDI,191708,193.5,135,58.5
19-12-2024,POONDI,191708,128.3,135,0.0
20-12-2024,POONDI,191708,173.0,135,38.0
21-12-2024,POONDI,191708,152.3,135,17.3
22-12-2024,POONDI,191708,145.7,135,10.7
23-12-2024,POONDI,191708,138.1,135,3.1
24-12-2024,POONDI,191708,143.3,135,8.3
25-12-2024,POONDI,191708,168.0,135,33.0
26-12-2024,POONDI,191708,122.2,135,0.0
27-12-2024,POONDI,191708,139.5,135,4.5
28-12-2024,POONDI,191708,170.0,135,35.0
29-12-2024,POONDI,191708,164.7,135,29.7
30-12-2024,POONDI,191708,122.5,135,0.0
31-12-2024,POONDI,191708,141.3,135,6.3
01-01-2025,POONDI,191708,159.6,135,24.6
02-01-2025,POONDI,191708,158.3,135,23.3
03-01-2025,POONDI,191708,164.5,135,29.5
04-01-2025,POONDI,191708,152.7,135,17.7
05-01-2025,POONDI,191708,156.0,135,21.0
06-01-2025,POONDI,191708,151.9,135,16.9
07-01-2025,POONDI,191708,176.6,135,41.6
08-01-2025,POONDI,191708,136.6,135,1.6
09-01-2025,POONDI,191708,146.0,135,11.0
10-01-2025,POONDI,191708,124.7,135,0.0
11-01-2025,POONDI,191708,120.8,135,0.0
12-01-2025,POONDI,191708,151.5,135,16.5
13-01-2025,POONDI,191708,130.5,135,0.0
14-01-2025,POONDI,191708,143.8,135,8.8
15-01-2025,POONDI,191708,177.4,135,42.4
16-01-2025,POONDI,191708,176.2,135,41.2
17-01-2025,POONDI,191708,189.5,135,54.5
18-01-2025,POONDI,191708,177.8,135,42.8
19-01-2025,POONDI,191708,193.1,135,58.1
20-01-2025,POONDI,191708,153.7,135,18.7
21-01-2025,POONDI,191708,126.9,135,0.0
22-01-2025,POONDI,191708,125.0,135,0.0
23-01-2025,POONDI,191708,172.9,135,37.9
24-01-2025,POONDI,191708,146.0,135,11.0
25-01-2025,POONDI,191708,147.5,135,12.5
26-01-2025,POONDI,191708,134.0,135,0.0
27-01-2025,POONDI,191708,136.4,135,1.4
28-01-2025,POONDI,191708,152.7,135,17.7
29-01-2025,POONDI,191708,123.9,135,0.0
30-01-2025,POONDI,191708,150.1,135,15.1
31-01-2025,POONDI,191708,175.2,135,40.2
01-02-2025,POONDI,191708,102.3,135,0.0
02-02-2025,POONDI,191708,114.2,135,0.0
03-02-2025,POONDI,191708,158.5,135,23.5
04-02-2025,POONDI,191708,172.3,135,37.3
05-02-2025,POONDI,191708,135.2,135,0.2
06-02-2025,POONDI,191708,105.0,135,0.0
07-02-2025,POONDI,191708,173.6,135,38.6
08-02-2025,POONDI,191708,128.8,135,0.0
09-02-2025,POONDI,191708,137.8,135,2.8
10-02-2025,POONDI,191708,151.4,135,16.4
11-02-2025,POONDI,191708,131.7,135,0.0
12-02-2025,POONDI,191708,127.5,135,0.0
13-02-2025,POONDI,191708,127.8,135,0.0
14-02-2025,POONDI,191708,182.2,135,47.2
15-02-2025,POONDI,191708,168.2,135,33.2
16-02-2025,POONDI,191708,156.5,135,21.5
17-02-2025,POONDI,191708,101.3,135,0.0
18-02-2025,POONDI,191708,156.6,135,21.6
19-02-2025,POONDI,191708,155.5,135,20.5
20-02-2025,POONDI,191708,119.4,135,0.0
21-02-2025,POONDI,191708,150.2,135,15.2
22-02-2025,POONDI,191708,166.0,135,31.0
23-02-2025,POONDI,191708,156.4,135,21.4
24-02-2025,POONDI,191708,131.4,135,0.0
25-02-2025,POONDI,191708,145.3,135,10.3
26-02-2025,POONDI,191708,159.6,135,24.6
27-02-2025,POONDI,191708,146.2,135,11.2
28-02-2025,POONDI,191708,170.1,135,35.1
01-03-2025,POONDI,191708,152.9,135,17.9
02-03-2025,POONDI,191708,160.1,135,25.1
03-03-2025,POONDI,191708,161.4,135,26.4
04-03-2025,POONDI,191708,123.7,135,0.0
05-03-2025,POONDI,191708,146.0,135,11.0
06-03-2025,POONDI,191708,138.4,135,3.4
07-03-2025,POONDI,191708,165.9,135,30.9
08-03-2025,POONDI,191708,154.3,135,19.3
09-03-2025,POONDI,191708,141.2,135,6.2
10-03-2025,POONDI,191708,119.4,135,0.0
11-03-2025,POONDI,191708,113.1,135,0.0
12-03-2025,POONDI,191708,151.2,135,16.2
13-03-2025,POONDI,191708,130.7,135,0.0
14-03-2025,POONDI,191708,158.3,135,23.3
15-03-2025,POONDI,191708,112.1,135,0.0
16-03-2025,POONDI,191708,176.9,135,41.9
17-03-2025,POONDI,191708,158.3,135,23.3
18-03-2025,POONDI,191708,147.0,135,12.0
19-03-2025,POONDI,191708,178.7,135,43.7
20-03-2025,POONDI,191708,164.0,135,29.0
21-03-2025,POONDI,191708,135.5,135,0.5
22-03-2025,POONDI,191708,146.6,135,11.6
23-03-2025,POONDI,191708,105.7,135,0.0
24-03-2025,POONDI,191708,166.3,135,31.3
25-03-2025,POONDI,191708,139.1,135,4.1
26-03-2025,POONDI,191708,105.5,135,0.0
27-03-2025,POONDI,191708,121.4,135,0.0
28-03-2025,POONDI,191708,162.4,135,27.4
29-03-2025,POONDI,191708,177.3,135,42.3
30-03-2025,POONDI,191708,145.4,135,10.4
31-03-2025,POONDI,191708,125.4,135,0.0
01-04-2025,POONDI,191708,116.6,135,0.0
02-04-2025,POONDI,191708,173.3,135,38.3
03-04-2025,POONDI,191708,154.0,135,19.0
04-04-2025,POONDI,191708,138.4,135,3.4
05-04-2025,POONDI,191708,133.6,135,0.0
06-04-2025,POONDI,191708,158.4,135,23.4
07-04-2025,POONDI,191708,157.9,135,22.9
08-04-2025,POONDI,191708,127.1,135,0.0
09-04-2025,POONDI,191708,122.2,135,0.0
10-04-2025,POONDI,191708,123.2,135,0.0
11-04-2025,POONDI,191708,135.6,135,0.6
12-04-2025,POONDI,191708,131.2,135,0.0
13-04-2025,POONDI,191708,177.4,135,42.4
14-04-2025,POONDI,191708,134.9,135,0.0
15-04-2025,POONDI,191708,120.0,135,0.0
16-04-2025,POONDI,191708,121.1,135,0.0
17-04-2025,POONDI,191708,141.3,135,6.3
18-04-2025,POONDI,191708,108.6,135,0.0
19-04-2025,POONDI,191708,143.8,135,8.8
20-04-2025,POONDI,191708,118.3,135,0.0
21-04-2025,POONDI,191708,168.2,135,33.2
22-04-2025,POONDI,191708,147.3,135,12.3
23-04-2025,POONDI,191708,187.4,135,52.4
24-04-2025,POONDI,191708,140.4,135,5.4
25-04-2025,POONDI,191708,82.4,135,0.0
26-04-2025,POONDI,191708,174.2,135,39.2
27-04-2025,POONDI,191708,155.0,135,20.0
28-04-2025,POONDI,191708,158.1,135,23.1
29-04-2025,POONDI,191708,124.9,135,0.0
30-04-2025,POONDI,191708,144.1,135,9.1
01-05-2025,POONDI,191708,148.7,135,13.7
02-05-2025,POONDI,191708,140.2,135,5.2
03-05-2025,POONDI,191708,110.3,135,0.0
04-05-2025,POONDI,191708,200.4,135,65.4
05-05-2025,POONDI,191708,161.7,135,26.7
06-05-2025,POONDI,191708,153.4,135,18.4
07-05-2025,POONDI,191708,171.3,135,36.3
08-05-2025,POONDI,191708,157.9,135,22.9
09-05-2025,POONDI,191708,131.5,135,0.0
10-05-2025,POONDI,191708,170.0,135,35.0
11-05-2025,POONDI,191708,162.0,135,27.0
12-05-2025,POONDI,191708,132.2,135,0.0
13-05-2025,POONDI,191708,160.8,135,25.8
14-05-2025,POONDI,191708,140.2,135,5.2
15-05-2025,POONDI,191708,149.2,135,14.2
16-05-2025,POONDI,191708,157.0,135,22.0
17-05-2025,POONDI,191708,172.4,135,37.4
18-05-2025,POONDI,191708,132.1,135,0.0
19-05-2025,POONDI,191708,152.3,135,17.3
20-05-2025,POONDI,191708,185.3,135,50.3
21-05-2025,POONDI,191708,141.5,135,6.5
22-05-2025,POONDI,191708,148.9,135,13.9
23-05-2025,POONDI,191708,185.3,135,50.3
24-05-2025,POONDI,191708,157.7,135,22.7
25-05-2025,POONDI,191708,115.5,135,0.0
26-05-2025,POONDI,191708,129.1,135,0.0
27-05-2025,POONDI,191708,158.8,135,23.8
28-05-2025,POONDI,191708,153.5,135,18.5
29-05-2025,POONDI,191708,148.3,135,13.3
30-05-2025,POONDI,191708,188.2,135,53.2
31-05-2025,POONDI,191708,132.7,135,0.0
01-06-2025,POONDI,191708,143.5,135,8.5
02-06-2025,POONDI,191708,105.7,135,0.0
03-06-2025,POONDI,191708,168.2,135,33.2
04-06-2025,POONDI,191708,129.0,135,0.0
05-06-2025,POONDI,191708,166.1,135,31.1
06-06-2025,POONDI,191708,164.0,135,29.0
07-06-2025,POONDI,191708,192.0,135,57.0
08-06-2025,POONDI,191708,158.0,135,23.0
09-06-2025,POONDI,191708,137.9,135,2.9
10-06-2025,POONDI,191708,154.1,135,19.1
11-06-2025,POONDI,191708,129.8,135,0.0
12-06-2025,POONDI,191708,151.4,135,16.4
13-06-2025,POONDI,191708,141.0,135,6.0
14-06-2025,POONDI,191708,143.6,135,8.6
15-06-2025,POONDI,191708,127.0,135,0.0
16-06-2025,POONDI,191708,151.0,135,16.0
17-06-2025,POONDI,191708,161.5,135,26.5
18-06-2025,POONDI,191708,112.0,135,0.0
19-06-2025,POONDI,191708,131.2,135,0.0
20-06-2025,POONDI,191708,148.4,135,13.4
21-06-2025,POONDI,191708,98.1,135,0.0
22-06-2025,POONDI,191708,179.8,135,44.8
23-06-2025,POONDI,191708,130.8,135,0.0
24-06-2025,POONDI,191708,126.2,135,0.0
25-06-2025,POONDI,191708,140.9,135,5.9
26-06-2025,POONDI,191708,147.7,135,12.7
27-06-2025,POONDI,191708,129.9,135,0.0
28-06-2025,POONDI,191708,164.6,135,29.6
29-06-2025,POONDI,191708,153.0,135,18.0
30-06-2025,POONDI,191708,128.3,135,0.0
01-07-2025,POONDI,191708,134.6,135,0.0
02-07-2025,POONDI,191708,114.7,135,0.0
03-07-2025,POONDI,191708,119.9,135,0.0
04-07-2025,POONDI,191708,152.8,135,17.8
05-07-2025,POONDI,191708,128.5,135,0.0
06-07-2025,POONDI,191708,181.1,135,46.1
07-07-2025,POONDI,191708,146.4,135,11.4
08-07-2025,POONDI,191708,117.9,135,0.0
09-07-2025,POONDI,191708,122.1,135,0.0
10-07-2025,POONDI,191708,166.1,135,31.1
11-07-2025,POONDI,191708,143.5,135,8.5
12-07-2025,POONDI,191708,164.8,135,29.8
13-07-2025,POONDI,191708,137.7,135,2.7
14-07-2025,POONDI,191708,133.8,135,0.0
15-07-2025,POONDI,191708,167.4,135,32.4
16-07-2025,POONDI,191708,127.8,135,0.0
17-07-2025,POONDI,191708,154.8,135,19.8
18-07-2025,POONDI,191708,140.8,135,5.8
19-07-2025,POONDI,191708,162.6,135,27.6
20-07-2025,POONDI,191708,181.4,135,46.4
21-07-2025,POONDI,191708,137.2,135,2.2
22-07-2025,POONDI,191708,134.1,135,0.0
23-07-2025,POONDI,191708,158.3,135,23.3
24-07-2025,POONDI,191708,123.4,135,0.0
25-07-2025,POONDI,191708,177.3,135,42.3
26-07-2025,POONDI,191708,173.9,135,38.9
27-07-2025,POONDI,191708,125.0,135,0.0
28-07-2025,POONDI,191708,113.3,135,0.0
29-07-2025,POONDI,191708,121.8,135,0.0
30-07-2025,POONDI,191708,122.1,135,0.0
31-07-2025,POONDI,191708,161.0,135,26.0
01-08-2025,POONDI,191708,176.0,135,41.0
02-08-2025,POONDI,191708,160.8,135,25.8
03-08-2025,POONDI,191708,140.3,135,5.3
04-08-2025,POONDI,191708,151.8,135,16.8
05-08-2025,POONDI,191708,127.6,135,0.0
06-08-2025,POONDI,191708,166.9,135,31.9
07-08-2025,POONDI,191708,153.6,135,18.6
08-08-2025,POONDI,191708,160.5,135,25.5
09-08-2025,POONDI,191708,130.4,135,0.0
10-08-2025,POONDI,191708,141.6,135,6.6
11-08-2025,POONDI,191708,159.5,135,24.5
12-08-2025,POONDI,191708,173.9,135,38.9
13-08-2025,POONDI,191708,132.8,135,0.0
14-08-2025,POONDI,191708,160.6,135,25.6
15-08-2025,POONDI,191708,130.8,135,0.0
16-08-2025,POONDI,191708,187.3,135,52.3
17-08-2025,POONDI,191708,136.7,135,1.7
18-08-2025,POONDI,191708,157.9,135,22.9
19-08-2025,POONDI,191708,148.3,135,13.3
20-08-2025,POONDI,191708,197.1,135,62.1
21-08-2025,POONDI,191708,149.6,135,14.6
22-08-2025,POONDI,191708,134.7,135,0.0
23-08-2025,POONDI,191708,157.8,135,22.8
24-08-2025,POONDI,191708,157.3,135,22.3
25-08-2025,POONDI,191708,141.9,135,6.9
26-08-2025,POONDI,191708,123.1,135,0.0
27-08-2025,POONDI,191708,134.4,135,0.0
28-08-2025,POONDI,191708,162.6,135,27.6
29-08-2025,POONDI,191708,110.1,135,0.0
30-08-2025,POONDI,191708,140.0,135,5.0
31-08-2025,POONDI,191708,164.9,135,29.9
01-09-2025,POONDI,191708,143.1,135,8.1
02-09-2025,POONDI,191708,188.5,135,53.5
03-09-2025,POONDI,191708,110.1,135,0.0
04-09-2025,POONDI,191708,125.8,135,0.0
05-09-2025,POONDI,191708,98.7,135,0.0
06-09-2025,POONDI,191708,184.9,135,49.9
07-09-2025,POONDI,191708,126.1,135,0.0
08-09-2025,POONDI,191708,105.3,135,0.0
09-09-2025,POONDI,191708,132.8,135,0.0
10-09-2025,POONDI,191708,117.1,135,0.0
11-09-2025,POONDI,191708,132.9,135,0.0
12-09-2025,POONDI,191708,145.8,135,10.8
13-09-2025,POONDI,191708,161.1,135,26.1
14-09-2025,POONDI,191708,141.5,135,6.5
15-09-2025,POONDI,191708,145.5,135,10.5
16-09-2025,POONDI,191708,133.4,135,0.0
17-09-2025,POONDI,191708,114.8,135,0.0
18-09-2025,POONDI,191708,108.1,135,0.0
19-09-2025,POONDI,191708,137.7,135,2.7
20-09-2025,POONDI,191708,146.7,135,11.7
21-09-2025,POONDI,191708,136.2,135,1.2
22-09-2025,POONDI,191708,108.8,135,0.0
23-09-2025,POONDI,191708,149.0,135,14.0
24-09-2025,POONDI,191708,177.6,135,42.6
25-09-2025,POONDI,191708,142.7,135,7.7
26-09-2025,POONDI,191708,133.4,135,0.0
27-09-2025,POONDI,191708,143.8,135,8.8
28-09-2025,POONDI,191708,122.9,135,0.0
29-09-2025,POONDI,191708,121.6,135,0.0
30-09-2025,POONDI,191708,154.0,135,19.0
01-10-2025,POONDI,191708,164.8,135,29.8
02-10-2025,POONDI,191708,142.1,135,7.1
03-10-2025,POONDI,191708,105.5,135,0.0
04-10-2025,POONDI,191708,152.1,135,17.1
05-10-2025,POONDI,191708,186.3,135,51.3
06-10-2025,POONDI,191708,140.1,135,5.1
07-10-2025,POONDI,191708,141.4,135,6.4
08-10-2025,POONDI,191708,127.5,135,0.0
09-10-2025,POONDI,191708,154.6,135,19.6
10-10-2025,POONDI,191708,131.6,135,0.0
11-10-2025,POONDI,191708,165.4,135,30.4
12-10-2025,POONDI,191708,131.8,135,0.0
13-10-2025,POONDI,191708,151.8,135,16.8
14-10-2025,POONDI,191708,144.1,135,9.1
15-10-2025,POONDI,191708,176.1,135,41.1
16-10-2025,POONDI,191708,153.2,135,18.2
17-10-2025,POONDI,191708,172.7,135,37.7
18-10-2025,POONDI,191708,147.2,135,12.2
19-10-2025,POONDI,191708,141.6,135,6.6
20-10-2025,POONDI,191708,144.2,135,9.2
21-10-2025,POONDI,191708,129.6,135,0.0
22-10-2025,POONDI,191708,155.6,135,20.6
23-10-2025,POONDI,191708,131.2,135,0.0
24-10-2025,POONDI,191708,147.2,135,12.2
25-10-2025,POONDI,191708,162.1,135,27.1
26-10-2025,POONDI,191708,176.7,135,41.7
27-10-2025,POONDI,191708,148.3,135,13.3
28-10-2025,POONDI,191708,162.2,135,27.2
29-10-2025,POONDI,191708,159.8,135,24.8
30-10-2025,POONDI,191708,137.4,135,2.4
31-10-2025,POONDI,191708,187.2,135,52.2
01-11-2025,POONDI,191708,133.5,135,0.0
02-11-2025,POONDI,191708,146.8,135,11.8
03-11-2025,POONDI,191708,174.1,135,39.1
04-11-2025,POONDI,191708,173.6,135,38.6
05-11-2025,POONDI,191708,145.3,135,10.3
06-11-2025,POONDI,191708,164.8,135,29.8
07-11-2025,POONDI,191708,140.5,135,5.5
08-11-2025,POONDI,191708,135.2,135,0.2
09-11-2025,POONDI,191708,120.7,135,0.0
10-11-2025,POONDI,191708,159.5,135,24.5
11-11-2025,POONDI,191708,161.6,135,26.6
12-11-2025,POONDI,191708,133.6,135,0.0
13-11-2025,POONDI,191708,150.4,135,15.4
14-11-2025,POONDI,191708,198.0,135,63.0
15-11-2025,POONDI,191708,167.9,135,32.9
16-11-2025,POONDI,191708,127.0,135,0.0
17-11-2025,POONDI,191708,165.0,135,30.0
18-11-2025,POONDI,191708,127.1,135,0.0
19-11-2025,POONDI,191708,87.1,135,0.0
20-11-2025,POONDI,191708,144.6,135,9.6
21-11-2025,POONDI,191708,176.3,135,41.3
22-11-2025,POONDI,191708,172.9,135,37.9
23-11-2025,POONDI,191708,152.5,135,17.5
24-11-2025,POONDI,191708,134.2,135,0.0
25-11-2025,POONDI,191708,154.7,135,19.7
26-11-2025,POONDI,191708,139.6,135,4.6
27-11-2025,POONDI,191708,134.7,135,0.0
28-11-2025,POONDI,191708,166.2,135,31.2
29-11-2025,POONDI,191708,134.5,135,0.0
30-11-2025,POONDI,191708,167.5,135,32.5
01-12-2025,POONDI,191708,133.2,135,0.0
02-12-2025,POONDI,191708,186.2,135,51.2
03-12-2025,POONDI,191708,112.2,135,0.0
04-12-2025,POONDI,191708,125.9,135,0.0
05-12-2025,POONDI,191708,141.9,135,6.9
06-12-2025,POONDI,191708,105.3,135,0.0
07-12-2025,POONDI,191708,93.6,135,0.0
08-12-2025,POONDI,191708,105.5,135,0.0
09-12-2025,POONDI,191708,139.2,135,4.2
10-12-2025,POONDI,191708,139.7,135,4.7
11-12-2025,POONDI,191708,151.7,135,16.7
12-12-2025,POONDI,191708,141.1,135,6.1
13-12-2025,POONDI,191708,151.0,135,16.0
14-12-2025,POONDI,191708,136.0,135,1.0
15-12-2025,POONDI,191708,159.3,135,24.3
16-12-2025,POONDI,191708,156.9,135,21.9
17-12-2025,POONDI,191708,138.5,135,3.5
18-12-2025,POONDI,191708,155.7,135,20.7
19-12-2025,POONDI,191708,141.2,135,6.2
20-12-2025,POONDI,191708,114.6,135,0.0
21-12-2025,POONDI,191708,163.1,135,28.1
22-12-2025,POONDI,191708,126.9,135,0.0
23-12-2025,POONDI,191708,162.9,135,27.9
24-12-2025,POONDI,191708,151.5,135,16.5
25-12-2025,POONDI,191708,143.3,135,8.3
26-12-2025,POONDI,191708,107.5,135,0.0
27-12-2025,POONDI,191708,175.8,135,40.8
28-12-2025,POONDI,191708,137.7,135,2.7
29-12-2025,POONDI,191708,157.7,135,22.7
30-12-2025,POONDI,191708,142.7,135,7.7
31-12-2025,POONDI,191708,139.6,135,4.6
01-01-2026,POONDI,191708,148.9,135,13.9
02-01-2026,POONDI,191708,145.5,135,10.5
03-01-2026,POONDI,191708,139.7,135,4.7
04-01-2026,POONDI,191708,143.9,135,8.9
05-01-2026,POONDI,191708,153.5,135,18.5
06-01-2026,POONDI,191708,155.0,135,20.0
07-01-2026,POONDI,191708,145.9,135,10.9
08-01-2026,POONDI,191708,157.4,135,22.4
09-01-2026,POONDI,191708,136.5,135,1.5
10-01-2026,POONDI,191708,189.5,135,54.5
11-01-2026,POONDI,191708,174.7,135,39.7
12-01-2026,POONDI,191708,160.2,135,25.2
13-01-2026,POONDI,191708,106.2,135,0.0
14-01-2026,POONDI,191708,157.1,135,22.1
15-01-2026,POONDI,191708,138.3,135,3.3
16-01-2026,POONDI,191708,125.4,135,0.0
17-01-2026,POONDI,191708,137.8,135,2.8
18-01-2026,POONDI,191708,127.6,135,0.0
19-01-2026,POONDI,191708,155.1,135,20.1
20-01-2026,POONDI,191708,177.3,135,42.3
21-01-2026,POONDI,191708,161.5,135,26.5
22-01-2026,POONDI,191708,200.3,135,65.3
23-01-2026,POONDI,191708,113.9,135,0.0
24-01-2026,POONDI,191708,134.9,135,0.0
25-01-2026,POONDI,191708,126.1,135,0.0
26-01-2026,POONDI,191708,169.6,135,34.6
27-01-2026,POONDI,191708,140.6,135,5.6
28-01-2026,POONDI,191708,148.8,135,13.8
29-01-2026,POONDI,191708,157.7,135,22.7
30-01-2026,POONDI,191708,115.9,135,0.0
31-01-2026,POONDI,191708,132.6,135,0.0
01-02-2026,POONDI,191708,164.9,135,29.9
02-02-2026,POONDI,191708,134.0,135,0.0
03-02-2026,POONDI,191708,110.7,135,0.0
04-02-2026,POONDI,191708,127.0,135,0.0
05-02-2026,POONDI,191708,139.3,135,4.3
06-02-2026,POONDI,191708,148.3,135,13.3
07-02-2026,POONDI,191708,143.6,135,8.6
08-02-2026,POONDI,191708,132.7,135,0.0
09-02-2026,POONDI,191708,163.8,135,28.8
10-02-2026,POONDI,191708,142.4,135,7.4
11-02-2026,POONDI,191708,149.2,135,14.2
12-02-2026,POONDI,191708,133.8,135,0.0
13-02-2026,POONDI,191708,175.2,135,40.2
14-02-2026,POONDI,191708,137.2,135,2.2
15-02-2026,POONDI,191708,146.5,135,11.5
16-02-2026,POONDI,191708,165.7,135,30.7
17-02-2026,POONDI,191708,150.6,135,15.6
18-02-2026,POONDI,191708,150.1,135,15.1
19-02-2026,POONDI,191708,105.5,135,0.0
20-02-2026,POONDI,191708,158.6,135,23.6
21-02-2026,POONDI,191708,146.1,135,11.1
22-02-2026,POONDI,191708,155.8,135,20.8
23-02-2026,POONDI,191708,148.7,135,13.7
24-02-2026,POONDI,191708,133.8,135,0.0
25-02-2026,POONDI,191708,162.9,135,27.9
26-02-2026,POONDI,191708,149.0,135,14.0
27-02-2026,POONDI,191708,119.2,135,0.0
28-02-2026,POONDI,191708,171.2,135,36.2
01-03-2026,POONDI,191708,116.4,135,0.0
02-03-2026,POONDI,191708,163.0,135,28.0
03-03-2026,POONDI,191708,174.7,135,39.7
04-03-2026,POONDI,191708,122.9,135,0.0
05-03-2026,POONDI,191708,142.5,135,7.5
06-03-2026,POONDI,191708,140.7,135,5.7
07-03-2026,POONDI,191708,141.6,135,6.6
08-03-2026,POONDI,191708,181.6,135,46.6
09-03-2026,POONDI,191708,123.1,135,0.0
10-03-2026,POONDI,191708,138.9,135,3.9
11-03-2026,POONDI,191708,175.1,135,40.1
12-03-2026,POONDI,191708,138.5,135,3.5
13-03-2026,POONDI,191708,126.3,135,0.0
14-03-2026,POONDI,191708,150.3,135,15.3
15-03-2026,POONDI,191708,161.1,135,26.1
16-03-2026,POONDI,191708,137.1,135,2.1
17-03-2026,POONDI,191708,156.1,135,21.1
18-03-2026,POONDI,191708,117.5,135,0.0
19-03-2026,POONDI,191708,118.6,135,0.0
20-03-2026,POONDI,191708,136.2,135,1.2
21-03-2026,POONDI,191708,156.8,135,21.8
22-03-2026,POONDI,191708,160.2,135,25.2
23-03-2026,POONDI,191708,121.4,135,0.0
24-03-2026,POONDI,191708,159.5,135,24.5
25-03-2026,POONDI,191708,148.3,135,13.3
26-03-2026,POONDI,191708,127.4,135,0.0
27-03-2026,POONDI,191708,118.3,135,0.0
28-03-2026,POONDI,191708,149.6,135,14.6
29-03-2026,POONDI,191708,170.8,135,35.8
30-03-2026,POONDI,191708,145.7,135,10.7
31-03-2026,POONDI,191708,126.3,135,0.0
01-04-2026,POONDI,191708,107.6,135,0.0
02-04-2026,POONDI,191708,175.6,135,40.6
03-04-2026,POONDI,191708,165.8,135,30.8
04-04-2026,POONDI,191708,151.0,135,16.0
05-04-2026,POONDI,191708,174.6,135,39.6
06-04-2026,POONDI,191708,149.5,135,14.5
07-04-2026,POONDI,191708,134.4,135,0.0
08-04-2026,POONDI,191708,156.1,135,21.1
09-04-2026,POONDI,191708,128.4,135,0.0
10-04-2026,POONDI,191708,125.1,135,0.0
11-04-2026,POONDI,191708,160.4,135,25.4
12-04-2026,POONDI,191708,162.1,135,27.1
13-04-2026,POONDI,191708,119.5,135,0.0
14-04-2026,POONDI,191708,120.3,135,0.0
15-04-2026,POONDI,191708,136.1,135,1.1
16-04-2026,POONDI,191708,130.8,135,0.0
17-04-2026,POONDI,191708,154.5,135,19.5
18-04-2026,POONDI,191708,146.0,135,11.0
19-04-2026,POONDI,191708,168.3,135,33.3
20-04-2026,POONDI,191708,151.3,135,16.3
21-04-2026,POONDI,191708,132.1,135,0.0
22-04-2026,POONDI,191708,107.2,135,0.0
23-04-2026,POONDI,191708,148.6,135,13.6
24-04-2026,POONDI,191708,110.8,135,0.0
25-04-2026,POONDI,191708,131.9,135,0.0
26-04-2026,POONDI,191708,130.6,135,0.0
27-04-2026,POONDI,191708,134.8,135,0.0
28-04-2026,POONDI,191708,118.7,135,0.0
29-04-2026,POONDI,191708,130.5,135,0.0
30-04-2026,POONDI,191708,167.9,135,32.9
01-05-2026,POONDI,191708,167.9,135,32.9
02-05-2026,POONDI,191708,175.6,135,40.6
03-05-2026,POONDI,191708,145.2,135,10.2
04-05-2026,POONDI,191708,150.4,135,15.4
05-05-2026,POONDI,191708,168.2,135,33.2
06-05-2026,POONDI,191708,115.6,135,0.0
07-05-2026,POONDI,191708,161.1,135,26.1
08-05-2026,POONDI,191708,171.0,135,36.0
09-05-2026,POONDI,191708,127.2,135,0.0
10-05-2026,POONDI,191708,172.7,135,37.7
11-05-2026,POONDI,191708,186.2,135,51.2
12-05-2026,POONDI,191708,160.6,135,25.6
13-05-2026,POONDI,191708,156.9,135,21.9
14-05-2026,POONDI,191708,122.6,135,0.0
15-05-2026,POONDI,191708,166.4,135,31.4
16-05-2026,POONDI,191708,124.5,135,0.0
17-05-2026,POONDI,191708,152.4,135,17.4
18-05-2026,POONDI,191708,154.4,135,19.4
19-05-2026,POONDI,191708,79.1,135,0.0
20-05-2026,POONDI,191708,153.1,135,18.1
21-05-2026,POONDI,191708,197.4,135,62.4
22-05-2026,POONDI,191708,103.2,135,0.0
23-05-2026,POONDI,191708,143.9,135,8.9
24-05-2026,POONDI,191708,106.1,135,0.0
25-05-2026,POONDI,191708,127.1,135,0.0
26-05-2026,POONDI,191708,106.4,135,0.0
27-05-2026,POONDI,191708,148.2,135,13.2
28-05-2026,POONDI,191708,160.9,135,25.9
29-05-2026,POONDI,191708,153.2,135,18.2
30-05-2026,POONDI,191708,126.4,135,0.0
31-05-2026,POONDI,191708,132.8,135,0.0
01-06-2026,POONDI,191708,150.4,135,15.4
02-06-2026,POONDI,191708,127.0,135,0.0
03-06-2026,POONDI,191708,118.4,135,0.0
04-06-2026,POONDI,191708,140.2,135,5.2
05-06-2026,POONDI,191708,126.1,135,0.0
06-06-2026,POONDI,191708,153.2,135,18.2
07-06-2026,POONDI,191708,171.0,135,36.0
08-06-2026,POONDI,191708,197.0,135,62.0
09-06-2026,POONDI,191708,151.8,135,16.8
10-06-2026,POONDI,191708,157.9,135,22.9
11-06-2026,POONDI,191708,133.0,135,0.0
12-06-2026,POONDI,191708,134.3,135,0.0
13-06-2026,POONDI,191708,170.7,135,35.7
14-06-2026,POONDI,191708,139.5,135,4.5
15-06-2026,POONDI,191708,146.5,135,11.5
16-06-2026,POONDI,191708,169.5,135,34.5
17-06-2026,POONDI,191708,139.6,135,4.6
18-06-2026,POONDI,191708,175.0,135,40.0
19-06-2026,POONDI,191708,156.5,135,21.5
20-06-2026,POONDI,191708,154.1,135,19.1
21-06-2026,POONDI,191708,132.0,135,0.0
22-06-2026,POONDI,191708,155.2,135,20.2
23-06-2026,POONDI,191708,136.4,135,1.4
24-06-2026,POONDI,191708,154.4,135,19.4
25-06-2026,POONDI,191708,143.0,135,8.0
26-06-2026,POONDI,191708,164.3,135,29.3
27-06-2026,POONDI,191708,144.4,135,9.4
28-06-2026,POONDI,191708,185.8,135,50.8
29-06-2026,POONDI,191708,139.5,135,4.5
30-06-2026,POONDI,191708,134.3,135,0.0
01-07-2026,POONDI,191708,151.9,135,16.9
02-07-2026,POONDI,191708,166.6,135,31.6
03-07-2026,POONDI,191708,166.4,135,31.4
04-07-2026,POONDI,191708,148.3,135,13.3
05-07-2026,POONDI,191708,151.8,135,16.8
06-07-2026,POONDI,191708,151.8,135,16.8
07-07-2026,POONDI,191708,123.4,135,0.0
08-07-2026,POONDI,191708,165.5,135,30.5
09-07-2026,POONDI,191708,119.8,135,0.0
10-07-2026,POONDI,191708,123.5,135,0.0
11-07-2026,POONDI,191708,146.1,135,11.1
12-07-2026,POONDI,191708,138.6,135,3.6
13-07-2026,POONDI,191708,160.9,135,25.9
14-07-2026,POONDI,191708,153.9,135,18.9
15-07-2026,POONDI,191708,147.8,135,12.8
16-07-2026,POONDI,191708,122.5,135,0.0
17-07-2026,POONDI,191708,145.5,135,10.5
18-07-2026,POONDI,191708,143.9,135,8.9
19-07-2026,POONDI,191708,149.4,135,14.4
20-07-2026,POONDI,191708,136.4,135,1.4
21-07-2026,POONDI,191708,155.5,135,20.5
22-07-2026,POONDI,191708,138.1,135,3.1
23-07-2026,POONDI,191708,153.6,135,18.6
24-07-2026,POONDI,191708,160.9,135,25.9
25-07-2026,POONDI,191708,134.3,135,0.0
26-07-2026,POONDI,191708,129.6,135,0.0
27-07-2026,POONDI,191708,154.5,135,19.5
28-07-2026,POONDI,191708,118.6,135,0.0
29-07-2026,POONDI,191708,167.2,135,32.2
30-07-2026,POONDI,191708,145.2,135,10.2
31-07-2026,POONDI,191708,142.7,135,7.7
01-08-2026,POONDI,191708,155.9,135,20.9
02-08-2026,POONDI,191708,154.7,135,19.7
03-08-2026,POONDI,191708,145.1,135,10.1
04-08-2026,POONDI,191708,162.6,135,27.6
05-08-2026,POONDI,191708,131.6,135,0.0
06-08-2026,POONDI,191708,159.2,135,24.2
07-08-2026,POONDI,191708,123.4,135,0.0
08-08-2026,POONDI,191708,155.2,135,20.2
09-08-2026,POONDI,191708,138.4,135,3.4
10-08-2026,POONDI,191708,118.8,135,0.0
11-08-2026,POONDI,191708,150.1,135,15.1
12-08-2026,POONDI,191708,144.3,135,9.3
13-08-2026,POONDI,191708,114.1,135,0.0
14-08-2026,POONDI,191708,102.7,135,0.0
15-08-2026,POONDI,191708,142.0,135,7.0
16-08-2026,POONDI,191708,177.4,135,42.4
17-08-2026,POONDI,191708,151.4,135,16.4
18-08-2026,POONDI,191708,131.6,135,0.0
19-08-2026,POONDI,191708,166.6,135,31.6
20-08-2026,POONDI,191708,163.1,135,28.1
21-08-2026,POONDI,191708,170.4,135,35.4
22-08-2026,POONDI,191708,158.7,135,23.7
23-08-2026,POONDI,191708,162.7,135,27.7
24-08-2026,POONDI,191708,159.6,135,24.6
25-08-2026,POONDI,191708,135.4,135,0.4
26-08-2026,POONDI,191708,112.3,135,0.0
27-08-2026,POONDI,191708,134.6,135,0.0
28-08-2026,POONDI,191708,167.1,135,32.1
29-08-2026,POONDI,191708,137.4,135,2.4
30-08-2026,POONDI,191708,142.1,135,7.1
31-08-2026,POONDI,191708,121.7,135,0.0
01-09-2026,POONDI,191708,134.0,135,0.0
02-09-2026,POONDI,191708,144.8,135,9.8
03-09-2026,POONDI,191708,154.9,135,19.9
04-09-2026,POONDI,191708,135.8,135,0.8
05-09-2026,POONDI,191708,134.4,135,0.0
06-09-2026,POONDI,191708,161.8,135,26.8
07-09-2026,POONDI,191708,151.5,135,16.5
08-09-2026,POONDI,191708,154.0,135,19.0
09-09-2026,POONDI,191708,175.6,135,40.6
10-09-2026,POONDI,191708,134.9,135,0.0
11-09-2026,POONDI,191708,144.0,135,9.0
12-09-2026,POONDI,191708,156.0,135,21.0
13-09-2026,POONDI,191708,127.6,135,0.0
14-09-2026,POONDI,191708,149.6,135,14.6
15-09-2026,POONDI,191708,145.4,135,10.4
16-09-2026,POONDI,191708,200.5,135,65.5
17-09-2024,CHOLAVARAM,197367,111.6,135,0.0
18-09-2024,CHOLAVARAM,197367,149.2,135,14.2
19-09-2024,CHOLAVARAM,197367,154.5,135,19.5
20-09-2024,CHOLAVARAM,197367,184.2,135,49.2
21-09-2024,CHOLAVARAM,197367,153.2,135,18.2
22-09-2024,CHOLAVARAM,197367,115.4,135,0.0
23-09-2024,CHOLAVARAM,197367,116.1,135,0.0
24-09-2024,CHOLAVARAM,197367,170.2,135,35.2
25-09-2024,CHOLAVARAM,197367,128.9,135,0.0
26-09-2024,CHOLAVARAM,197367,114.0,135,0.0
27-09-2024,CHOLAVARAM,197367,165.0,135,30.0
28-09-2024,CHOLAVARAM,197367,135.5,135,0.5
29-09-2024,CHOLAVARAM,197367,163.9,135,28.9
30-09-2024,CHOLAVARAM,197367,126.7,135,0.0
01-10-2024,CHOLAVARAM,197367,174.5,135,39.5
02-10-2024,CHOLAVARAM,197367,162.4,135,27.4
03-10-2024,CHOLAVARAM,197367,130.5,135,0.0
04-10-2024,CHOLAVARAM,197367,111.8,135,0.0
05-10-2024,CHOLAVARAM,197367,191.1,135,56.1
06-10-2024,CHOLAVARAM,197367,140.8,135,5.8
07-10-2024,CHOLAVARAM,197367,129.7,135,0.0
08-10-2024,CHOLAVARAM,197367,172.7,135,37.7
09-10-2024,CHOLAVARAM,197367,163.9,135,28.9
10-10-2024,CHOLAVARAM,197367,168.7,135,33.7
11-10-2024,CHOLAVARAM,197367,143.0,135,8.0
12-10-2024,CHOLAVARAM,197367,182.6,135,47.6
13-10-2024,CHOLAVARAM,197367,118.8,135,0.0
14-10-2024,CHOLAVARAM,197367,134.0,135,0.0
15-10-2024,CHOLAVARAM,197367,152.8,135,17.8
16-10-2024,CHOLAVARAM,197367,168.4,135,33.4
17-10-2024,CHOLAVARAM,197367,158.2,135,23.2
18-10-2024,CHOLAVARAM,197367,143.3,135,8.3
19-10-2024,CHOLAVARAM,197367,135.5,135,0.5
20-10-2024,CHOLAVARAM,197367,168.5,135,33.5
21-10-2024,CHOLAVARAM,197367,160.3,135,25.3
22-10-2024,CHOLAVARAM,197367,127.5,135,0.0
23-10-2024,CHOLAVARAM,197367,126.9,135,0.0
24-10-2024,CHOLAVARAM,197367,134.1,135,0.0
25-10-2024,CHOLAVARAM,197367,131.5,135,0.0
26-10-2024,CHOLAVARAM,197367,165.6,135,30.6
27-10-2024,CHOLAVARAM,197367,153.7,135,18.7
28-10-2024,CHOLAVARAM,197367,156.2,135,21.2
29-10-2024,CHOLAVARAM,197367,148.8,135,13.8
30-10-2024,CHOLAVARAM,197367,149.8,135,14.8
31-10-2024,CHOLAVARAM,197367,113.4,135,0.0
01-11-2024,CHOLAVARAM,197367,160.9,135,25.9
02-11-2024,CHOLAVARAM,197367,133.7,135,0.0
03-11-2024,CHOLAVARAM,197367,144.3,135,9.3
04-11-2024,CHOLAVARAM,197367,135.5,135,0.5
05-11-2024,CHOLAVARAM,197367,147.9,135,12.9
06-11-2024,CHOLAVARAM,197367,156.5,135,21.5
07-11-2024,CHOLAVARAM,197367,124.8,135,0.0
08-11-2024,CHOLAVARAM,197367,150.1,135,15.1
09-11-2024,CHOLAVARAM,197367,136.0,135,1.0
10-11-2024,CHOLAVARAM,197367,171.4,135,36.4
11-11-2024,CHOLAVARAM,197367,122.7,135,0.0
12-11-2024,CHOLAVARAM,197367,124.9,135,0.0
13-11-2024,CHOLAVARAM,197367,137.8,135,2.8
14-11-2024,CHOLAVARAM,197367,126.5,135,0.0
15-11-2024,CHOLAVARAM,197367,140.5,135,5.5
16-11-2024,CHOLAVARAM,197367,134.4,135,0.0
17-11-2024,CHOLAVARAM,197367,146.8,135,11.8
18-11-2024,CHOLAVARAM,197367,165.2,135,30.2
19-11-2024,CHOLAVARAM,197367,146.4,135,11.4
20-11-2024,CHOLAVARAM,197367,148.2,135,13.2
21-11-2024,CHOLAVARAM,197367,123.9,135,0.0
22-11-2024,CHOLAVARAM,197367,142.3,135,7.3
23-11-2024,CHOLAVARAM,197367,136.6,135,1.6
24-11-2024,CHOLAVARAM,197367,158.6,135,23.6
25-11-2024,CHOLAVARAM,197367,129.7,135,0.0
26-11-2024,CHOLAVARAM,197367,127.8,135,0.0
27-11-2024,CHOLAVARAM,197367,151.3,135,16.3
28-11-2024,CHOLAVARAM,197367,184.6,135,49.6
29-11-2024,CHOLAVARAM,197367,141.5,135,6.5
30-11-2024,CHOLAVARAM,197367,148.4,135,13.4
01-12-2024,CHOLAVARAM,197367,164.0,135,29.0
02-12-2024,CHOLAVARAM,197367,155.2,135,20.2
03-12-2024,CHOLAVARAM,197367,155.3,135,20.3
04-12-2024,CHOLAVARAM,197367,143.1,135,8.1
05-12-2024,CHOLAVARAM,197367,143.5,135,8.5
06-12-2024,CHOLAVARAM,197367,129.9,135,0.0
07-12-2024,CHOLAVARAM,197367,154.7,135,19.7
08-12-2024,CHOLAVARAM,197367,154.3,135,19.3
09-12-2024,CHOLAVARAM,197367,159.3,135,24.3
10-12-2024,CHOLAVARAM,197367,135.2,135,0.2
11-12-2024,CHOLAVARAM,197367,161.6,135,26.6
12-12-2024,CHOLAVARAM,197367,167.7,135,32.7
13-12-2024,CHOLAVARAM,197367,120.7,135,0.0
14-12-2024,CHOLAVARAM,197367,139.1,135,4.1
15-12-2024,CHOLAVARAM,197367,168.5,135,33.5
16-12-2024,CHOLAVARAM,197367,132.0,135,0.0
17-12-2024,CHOLAVARAM,197367,155.6,135,20.6
18-12-2024,CHOLAVARAM,197367,145.2,135,10.2
19-12-2024,CHOLAVARAM,197367,151.6,135,16.6
20-12-2024,CHOLAVARAM,197367,145.8,135,10.8
21-12-2024,CHOLAVARAM,197367,159.9,135,24.9
22-12-2024,CHOLAVARAM,197367,124.6,135,0.0
23-12-2024,CHOLAVARAM,197367,126.7,135,0.0
24-12-2024,CHOLAVARAM,197367,174.3,135,39.3
25-12-2024,CHOLAVARAM,197367,187.0,135,52.0
26-12-2024,CHOLAVARAM,197367,144.9,135,9.9
27-12-2024,CHOLAVARAM,197367,179.3,135,44.3
28-12-2024,CHOLAVARAM,197367,129.6,135,0.0
29-12-2024,CHOLAVARAM,197367,134.4,135,0.0
30-12-2024,CHOLAVARAM,197367,174.1,135,39.1
31-12-2024,CHOLAVARAM,197367,161.1,135,26.1
01-01-2025,CHOLAVARAM,197367,177.1,135,42.1
02-01-2025,CHOLAVARAM,197367,154.4,135,19.4
03-01-2025,CHOLAVARAM,197367,124.7,135,0.0
04-01-2025,CHOLAVARAM,197367,149.5,135,14.5
05-01-2025,CHOLAVARAM,197367,169.0,135,34.0
06-01-2025,CHOLAVARAM,197367,142.3,135,7.3
07-01-2025,CHOLAVARAM,197367,139.3,135,4.3
08-01-2025,CHOLAVARAM,197367,154.7,135,19.7
09-01-2025,CHOLAVARAM,197367,133.8,135,0.0
10-01-2025,CHOLAVARAM,197367,150.9,135,15.9
11-01-2025,CHOLAVARAM,197367,146.3,135,11.3
12-01-2025,CHOLAVARAM,197367,135.2,135,0.2
13-01-2025,CHOLAVARAM,197367,164.6,135,29.6
14-01-2025,CHOLAVARAM,197367,157.9,135,22.9
15-01-2025,CHOLAVARAM,197367,137.9,135,2.9
16-01-2025,CHOLAVARAM,197367,144.7,135,9.7
17-01-2025,CHOLAVARAM,197367,139.6,135,4.6
18-01-2025,CHOLAVARAM,197367,132.2,135,0.0
19-01-2025,CHOLAVARAM,197367,111.0,135,0.0
20-01-2025,CHOLAVARAM,197367,135.3,135,0.3
21-01-2025,CHOLAVARAM,197367,132.5,135,0.0
22-01-2025,CHOLAVARAM,197367,147.3,135,12.3
23-01-2025,CHOLAVARAM,197367,153.8,135,18.8
24-01-2025,CHOLAVARAM,197367,129.0,135,0.0
25-01-2025,CHOLAVARAM,197367,152.5,135,17.5
26-01-2025,CHOLAVARAM,197367,125.9,135,0.0
27-01-2025,CHOLAVARAM,197367,142.5,135,7.5
28-01-2025,CHOLAVARAM,197367,133.0,135,0.0
29-01-2025,CHOLAVARAM,197367,159.9,135,24.9
30-01-2025,CHOLAVARAM,197367,147.3,135,12.3
31-01-2025,CHOLAVARAM,197367,142.8,135,7.8
01-02-2025,CHOLAVARAM,197367,132.5,135,0.0
02-02-2025,CHOLAVARAM,197367,138.4,135,3.4
03-02-2025,CHOLAVARAM,197367,181.6,135,46.6
04-02-2025,CHOLAVARAM,197367,135.0,135,0.0
05-02-2025,CHOLAVARAM,197367,154.6,135,19.6
06-02-2025,CHOLAVARAM,197367,142.7,135,7.7
07-02-2025,CHOLAVARAM,197367,154.0,135,19.0
08-02-2025,CHOLAVARAM,197367,161.7,135,26.7
09-02-2025,CHOLAVARAM,197367,137.9,135,2.9
10-02-2025,CHOLAVARAM,197367,159.2,135,24.2
11-02-2025,CHOLAVARAM,197367,200.1,135,65.1
12-02-2025,CHOLAVARAM,197367,156.4,135,21.4
13-02-2025,CHOLAVARAM,197367,177.3,135,42.3
14-02-2025,CHOLAVARAM,197367,154.6,135,19.6
15-02-2025,CHOLAVARAM,197367,126.4,135,0.0
16-02-2025,CHOLAVARAM,197367,150.5,135,15.5
17-02-2025,CHOLAVARAM,197367,138.4,135,3.4
18-02-2025,CHOLAVARAM,197367,133.1,135,0.0
19-02-2025,CHOLAVARAM,197367,143.5,135,8.5
20-02-2025,CHOLAVARAM,197367,141.9,135,6.9
21-02-2025,CHOLAVARAM,197367,123.8,135,0.0
22-02-2025,CHOLAVARAM,197367,199.2,135,64.2
23-02-2025,CHOLAVARAM,197367,161.2,135,26.2
24-02-2025,CHOLAVARAM,197367,149.9,135,14.9
25-02-2025,CHOLAVARAM,197367,146.8,135,11.8
26-02-2025,CHOLAVARAM,197367,169.0,135,34.0
27-02-2025,CHOLAVARAM,197367,186.5,135,51.5
28-02-2025,CHOLAVARAM,197367,158.7,135,23.7
01-03-2025,CHOLAVARAM,197367,147.4,135,12.4
02-03-2025,CHOLAVARAM,197367,174.5,135,39.5
03-03-2025,CHOLAVARAM,197367,147.8,135,12.8
04-03-2025,CHOLAVARAM,197367,153.7,135,18.7
05-03-2025,CHOLAVARAM,197367,165.0,135,30.0
06-03-2025,CHOLAVARAM,197367,137.3,135,2.3
07-03-2025,CHOLAVARAM,197367,103.5,135,0.0
08-03-2025,CHOLAVARAM,197367,136.3,135,1.3
09-03-2025,CHOLAVARAM,197367,160.5,135,25.5
10-03-2025,CHOLAVARAM,197367,159.1,135,24.1
11-03-2025,CHOLAVARAM,197367,171.9,135,36.9
12-03-2025,CHOLAVARAM,197367,137.1,135,2.1
13-03-2025,CHOLAVARAM,197367,176.6,135,41.6
14-03-2025,CHOLAVARAM,197367,148.7,135,13.7
15-03-2025,CHOLAVARAM,197367,157.1,135,22.1
16-03-2025,CHOLAVARAM,197367,163.1,135,28.1
17-03-2025,CHOLAVARAM,197367,117.4,135,0.0
18-03-2025,CHOLAVARAM,197367,124.9,135,0.0
19-03-2025,CHOLAVARAM,197367,124.2,135,0.0
20-03-2025,CHOLAVARAM,197367,166.4,135,31.4
21-03-2025,CHOLAVARAM,197367,138.9,135,3.9
22-03-2025,CHOLAVARAM,197367,185.6,135,50.6
23-03-2025,CHOLAVARAM,197367,145.1,135,10.1
24-03-2025,CHOLAVARAM,197367,115.6,135,0.0
25-03-2025,CHOLAVARAM,197367,131.6,135,0.0
26-03-2025,CHOLAVARAM,197367,147.3,135,12.3
27-03-2025,CHOLAVARAM,197367,155.3,135,20.3
28-03-2025,CHOLAVARAM,197367,125.3,135,0.0
29-03-2025,CHOLAVARAM,197367,156.4,135,21.4
30-03-2025,CHOLAVARAM,197367,161.7,135,26.7
31-03-2025,CHOLAVARAM,197367,132.2,135,0.0
01-04-2025,CHOLAVARAM,197367,184.4,135,49.4
02-04-2025,CHOLAVARAM,197367,134.3,135,0.0
03-04-2025,CHOLAVARAM,197367,125.0,135,0.0
04-04-2025,CHOLAVARAM,197367,114.4,135,0.0
05-04-2025,CHOLAVARAM,197367,169.4,135,34.4
06-04-2025,CHOLAVARAM,197367,145.5,135,10.5
07-04-2025,CHOLAVARAM,197367,135.4,135,0.4
08-04-2025,CHOLAVARAM,197367,115.5,135,0.0
09-04-2025,CHOLAVARAM,197367,137.2,135,2.2
10-04-2025,CHOLAVARAM,197367,192.6,135,57.6
11-04-2025,CHOLAVARAM,197367,102.1,135,0.0
12-04-2025,CHOLAVARAM,197367,132.4,135,0.0
13-04-2025,CHOLAVARAM,197367,180.9,135,45.9
14-04-2025,CHOLAVARAM,197367,170.0,135,35.0
15-04-2025,CHOLAVARAM,197367,133.6,135,0.0
16-04-2025,CHOLAVARAM,197367,149.1,135,14.1
17-04-2025,CHOLAVARAM,197367,154.3,135,19.3
18-04-2025,CHOLAVARAM,197367,147.7,135,12.7
19-04-2025,CHOLAVARAM,197367,180.7,135,45.7
20-04-2025,CHOLAVARAM,197367,151.8,135,16.8
21-04-2025,CHOLAVARAM,197367,167.7,135,32.7
22-04-2025,CHOLAVARAM,197367,148.6,135,13.6
23-04-2025,CHOLAVARAM,197367,104.4,135,0.0
24-04-2025,CHOLAVARAM,197367,121.2,135,0.0
25-04-2025,CHOLAVARAM,197367,125.3,135,0.0
26-04-2025,CHOLAVARAM,197367,140.0,135,5.0
27-04-2025,CHOLAVARAM,197367,186.6,135,51.6
28-04-2025,CHOLAVARAM,197367,152.2,135,17.2
29-04-2025,CHOLAVARAM,197367,142.9,135,7.9
30-04-2025,CHOLAVARAM,197367,169.8,135,34.8
01-05-2025,CHOLAVARAM,197367,116.0,135,0.0
02-05-2025,CHOLAVARAM,197367,135.2,135,0.2
03-05-2025,CHOLAVARAM,197367,132.3,135,0.0
04-05-2025,CHOLAVARAM,197367,153.0,135,18.0
05-05-2025,CHOLAVARAM,197367,162.9,135,27.9
06-05-2025,CHOLAVARAM,197367,154.4,135,19.4
07-05-2025,CHOLAVARAM,197367,154.7,135,19.7
08-05-2025,CHOLAVARAM,197367,137.8,135,2.8
09-05-2025,CHOLAVARAM,197367,151.4,135,16.4
10-05-2025,CHOLAVARAM,197367,128.2,135,0.0
11-05-2025,CHOLAVARAM,197367,158.5,135,23.5
12-05-2025,CHOLAVARAM,197367,135.0,135,0.0
13-05-2025,CHOLAVARAM,197367,122.6,135,0.0
14-05-2025,CHOLAVARAM,197367,145.8,135,10.8
15-05-2025,CHOLAVARAM,197367,106.7,135,0.0
16-05-2025,CHOLAVARAM,197367,174.5,135,39.5
17-05-2025,CHOLAVARAM,197367,160.9,135,25.9
18-05-2025,CHOLAVARAM,197367,151.7,135,16.7
19-05-2025,CHOLAVARAM,197367,112.5,135,0.0
20-05-2025,CHOLAVARAM,197367,131.0,135,0.0
21-05-2025,CHOLAVARAM,197367,145.8,135,10.8
22-05-2025,CHOLAVARAM,197367,139.7,135,4.7
23-05-2025,CHOLAVARAM,197367,111.2,135,0.0
24-05-2025,CHOLAVARAM,197367,118.7,135,0.0
25-05-2025,CHOLAVARAM,197367,139.3,135,4.3
26-05-2025,CHOLAVARAM,197367,119.3,135,0.0
27-05-2025,CHOLAVARAM,197367,172.4,135,37.4
28-05-2025,CHOLAVARAM,197367,154.9,135,19.9
29-05-2025,CHOLAVARAM,197367,128.9,135,0.0
30-05-2025,CHOLAVARAM,197367,168.4,135,33.4
31-05-2025,CHOLAVARAM,197367,164.4,135,29.4
01-06-2025,CHOLAVARAM,197367,150.8,135,15.8
02-06-2025,CHOLAVARAM,197367,144.2,135,9.2
03-06-2025,CHOLAVARAM,197367,139.0,135,4.0
04-06-2025,CHOLAVARAM,197367,134.2,135,0.0
05-06-2025,CHOLAVARAM,197367,118.3,135,0.0
06-06-2025,CHOLAVARAM,197367,175.6,135,40.6
07-06-2025,CHOLAVARAM,197367,134.6,135,0.0
08-06-2025,CHOLAVARAM,197367,145.6,135,10.6
09-06-2025,CHOLAVARAM,197367,126.8,135,0.0
10-06-2025,CHOLAVARAM,197367,139.8,135,4.8
11-06-2025,CHOLAVARAM,197367,202.0,135,67.0
12-06-2025,CHOLAVARAM,197367,130.5,135,0.0
13-06-2025,CHOLAVARAM,197367,174.0,135,39.0
14-06-2025,CHOLAVARAM,197367,144.4,135,9.4
15-06-2025,CHOLAVARAM,197367,158.6,135,23.6
16-06-2025,CHOLAVARAM,197367,169.9,135,34.9
17-06-2025,CHOLAVARAM,197367,150.4,135,15.4
18-06-2025,CHOLAVARAM,197367,138.0,135,3.0
19-06-2025,CHOLAVARAM,197367,141.3,135,6.3
20-06-2025,CHOLAVARAM,197367,142.0,135,7.0
21-06-2025,CHOLAVARAM,197367,182.3,135,47.3
22-06-2025,CHOLAVARAM,197367,115.3,135,0.0
23-06-2025,CHOLAVARAM,197367,109.6,135,0.0
24-06-2025,CHOLAVARAM,197367,110.9,135,0.0
25-06-2025,CHOLAVARAM,197367,127.1,135,0.0
26-06-2025,CHOLAVARAM,197367,159.0,135,24.0
27-06-2025,CHOLAVARAM,197367,160.2,135,25.2
28-06-2025,CHOLAVARAM,197367,132.8,135,0.0
29-06-2025,CHOLAVARAM,197367,144.4,135,9.4
30-06-2025,CHOLAVARAM,197367,122.7,135,0.0
01-07-2025,CHOLAVARAM,197367,124.5,135,0.0
02-07-2025,CHOLAVARAM,197367,156.6,135,21.6
03-07-2025,CHOLAVARAM,197367,166.0,135,31.0
04-07-2025,CHOLAVARAM,197367,135.5,135,0.5
05-07-2025,CHOLAVARAM,197367,177.7,135,42.7
06-07-2025,CHOLAVARAM,197367,164.3,135,29.3
07-07-2025,CHOLAVARAM,197367,176.8,135,41.8
08-07-2025,CHOLAVARAM,197367,139.0,135,4.0
09-07-2025,CHOLAVARAM,197367,175.4,135,40.4
10-07-2025,CHOLAVARAM,197367,188.6,135,53.6
11-07-2025,CHOLAVARAM,197367,136.7,135,1.7
12-07-2025,CHOLAVARAM,197367,141.9,135,6.9
13-07-2025,CHOLAVARAM,197367,126.0,135,0.0
14-07-2025,CHOLAVARAM,197367,122.1,135,0.0
15-07-2025,CHOLAVARAM,197367,122.3,135,0.0
16-07-2025,CHOLAVARAM,197367,128.8,135,0.0
17-07-2025,CHOLAVARAM,197367,150.5,135,15.5
18-07-2025,CHOLAVARAM,197367,129.6,135,0.0
19-07-2025,CHOLAVARAM,197367,149.9,135,14.9
20-07-2025,CHOLAVARAM,197367,150.3,135,15.3
21-07-2025,CHOLAVARAM,197367,135.6,135,0.6
22-07-2025,CHOLAVARAM,197367,143.7,135,8.7
23-07-2025,CHOLAVARAM,197367,134.4,135,0.0
24-07-2025,CHOLAVARAM,197367,138.8,135,3.8
25-07-2025,CHOLAVARAM,197367,128.8,135,0.0
26-07-2025,CHOLAVARAM,197367,146.7,135,11.7
27-07-2025,CHOLAVARAM,197367,133.0,135,0.0
28-07-2025,CHOLAVARAM,197367,121.7,135,0.0
29-07-2025,CHOLAVARAM,197367,156.9,135,21.9
30-07-2025,CHOLAVARAM,197367,157.5,135,22.5
31-07-2025,CHOLAVARAM,197367,167.2,135,32.2
01-08-2025,CHOLAVARAM,197367,124.5,135,0.0
02-08-2025,CHOLAVARAM,197367,135.4,135,0.4
03-08-2025,CHOLAVARAM,197367,149.6,135,14.6
04-08-2025,CHOLAVARAM,197367,135.0,135,0.0
05-08-2025,CHOLAVARAM,197367,156.4,135,21.4
06-08-2025,CHOLAVARAM,197367,155.0,135,20.0
07-08-2025,CHOLAVARAM,197367,154.6,135,19.6
08-08-2025,CHOLAVARAM,197367,174.2,135,39.2
09-08-2025,CHOLAVARAM,197367,157.9,135,22.9
10-08-2025,CHOLAVARAM,197367,148.1,135,13.1
11-08-2025,CHOLAVARAM,197367,141.1,135,6.1
12-08-2025,CHOLAVARAM,197367,142.5,135,7.5
13-08-2025,CHOLAVARAM,197367,123.7,135,0.0
14-08-2025,CHOLAVARAM,197367,109.7,135,0.0
15-08-2025,CHOLAVARAM,197367,154.3,135,19.3
16-08-2025,CHOLAVARAM,197367,169.5,135,34.5
17-08-2025,CHOLAVARAM,197367,138.4,135,3.4
18-08-2025,CHOLAVARAM,197367,176.7,135,41.7
19-08-2025,CHOLAVARAM,197367,141.5,135,6.5
20-08-2025,CHOLAVARAM,197367,105.9,135,0.0
21-08-2025,CHOLAVARAM,197367,163.4,135,28.4
22-08-2025,CHOLAVARAM,197367,135.4,135,0.4
23-08-2025,CHOLAVARAM,197367,165.2,135,30.2
24-08-2025,CHOLAVARAM,197367,119.4,135,0.0
25-08-2025,CHOLAVARAM,197367,153.2,135,18.2
26-08-2025,CHOLAVARAM,197367,129.0,135,0.0
27-08-2025,CHOLAVARAM,197367,149.0,135,14.0
28-08-2025,CHOLAVARAM,197367,160.3,135,25.3
29-08-2025,CHOLAVARAM,197367,155.7,135,20.7
30-08-2025,CHOLAVARAM,197367,146.4,135,11.4
31-08-2025,CHOLAVARAM,197367,117.4,135,0.0
01-09-2025,CHOLAVARAM,197367,159.6,135,24.6
02-09-2025,CHOLAVARAM,197367,165.6,135,30.6
03-09-2025,CHOLAVARAM,197367,124.1,135,0.0
04-09-2025,CHOLAVARAM,197367,127.1,135,0.0
05-09-2025,CHOLAVARAM,197367,166.5,135,31.5
06-09-2025,CHOLAVARAM,197367,140.8,135,5.8
07-09-2025,CHOLAVARAM,197367,127.6,135,0.0
08-09-2025,CHOLAVARAM,197367,150.5,135,15.5
09-09-2025,CHOLAVARAM,197367,132.2,135,0.0
10-09-2025,CHOLAVARAM,197367,148.2,135,13.2
11-09-2025,CHOLAVARAM,197367,136.7,135,1.7
12-09-2025,CHOLAVARAM,197367,138.4,135,3.4
13-09-2025,CHOLAVARAM,197367,167.2,135,32.2
14-09-2025,CHOLAVARAM,197367,95.6,135,0.0
15-09-2025,CHOLAVARAM,197367,156.1,135,21.1
16-09-2025,CHOLAVARAM,197367,163.9,135,28.9
17-09-2025,CHOLAVARAM,197367,132.6,135,0.0
18-09-2025,CHOLAVARAM,197367,163.8,135,28.8
19-09-2025,CHOLAVARAM,197367,125.8,135,0.0
20-09-2025,CHOLAVARAM,197367,131.8,135,0.0
21-09-2025,CHOLAVARAM,197367,129.5,135,0.0
22-09-2025,CHOLAVARAM,197367,164.0,135,29.0
23-09-2025,CHOLAVARAM,197367,110.1,135,0.0
24-09-2025,CHOLAVARAM,197367,177.8,135,42.8
25-09-2025,CHOLAVARAM,197367,138.9,135,3.9
26-09-2025,CHOLAVARAM,197367,157.3,135,22.3
27-09-2025,CHOLAVARAM,197367,155.6,135,20.6
28-09-2025,CHOLAVARAM,197367,148.0,135,13.0
29-09-2025,CHOLAVARAM,197367,133.0,135,0.0
30-09-2025,CHOLAVARAM,197367,169.8,135,34.8
01-10-2025,CHOLAVARAM,197367,134.7,135,0.0
02-10-2025,CHOLAVARAM,197367,130.4,135,0.0
03-10-2025,CHOLAVARAM,197367,162.6,135,27.6
04-10-2025,CHOLAVARAM,197367,147.9,135,12.9
05-10-2025,CHOLAVARAM,197367,172.2,135,37.2
06-10-2025,CHOLAVARAM,197367,143.7,135,8.7
07-10-2025,CHOLAVARAM,197367,132.0,135,0.0
08-10-2025,CHOLAVARAM,197367,150.5,135,15.5
09-10-2025,CHOLAVARAM,197367,136.0,135,1.0
10-10-2025,CHOLAVARAM,197367,132.6,135,0.0
11-10-2025,CHOLAVARAM,197367,161.6,135,26.6
12-10-2025,CHOLAVARAM,197367,181.6,135,46.6
13-10-2025,CHOLAVARAM,197367,140.1,135,5.1
14-10-2025,CHOLAVARAM,197367,125.5,135,0.0
15-10-2025,CHOLAVARAM,197367,141.9,135,6.9
16-10-2025,CHOLAVARAM,197367,155.3,135,20.3
17-10-2025,CHOLAVARAM,197367,150.1,135,15.1
18-10-2025,CHOLAVARAM,197367,168.9,135,33.9
19-10-2025,CHOLAVARAM,197367,158.3,135,23.3
20-10-2025,CHOLAVARAM,197367,122.9,135,0.0
21-10-2025,CHOLAVARAM,197367,135.1,135,0.1
22-10-2025,CHOLAVARAM,197367,117.4,135,0.0
23-10-2025,CHOLAVARAM,197367,167.9,135,32.9
24-10-2025,CHOLAVARAM,197367,105.2,135,0.0
25-10-2025,CHOLAVARAM,197367,119.3,135,0.0
26-10-2025,CHOLAVARAM,197367,134.8,135,0.0
27-10-2025,CHOLAVARAM,197367,156.3,135,21.3
28-10-2025,CHOLAVARAM,197367,134.6,135,0.0
29-10-2025,CHOLAVARAM,197367,137.7,135,2.7
30-10-2025,CHOLAVARAM,197367,138.1,135,3.1
31-10-2025,CHOLAVARAM,197367,148.5,135,13.5
01-11-2025,CHOLAVARAM,197367,120.6,135,0.0
02-11-2025,CHOLAVARAM,197367,126.1,135,0.0
03-11-2025,CHOLAVARAM,197367,178.6,135,43.6
04-11-2025,CHOLAVARAM,197367,153.0,135,18.0
05-11-2025,CHOLAVARAM,197367,160.2,135,25.2
06-11-2025,CHOLAVARAM,197367,146.2,135,11.2
07-11-2025,CHOLAVARAM,197367,142.2,135,7.2
08-11-2025,CHOLAVARAM,197367,154.1,135,19.1
09-11-2025,CHOLAVARAM,197367,159.6,135,24.6
10-11-2025,CHOLAVARAM,197367,161.9,135,26.9
11-11-2025,CHOLAVARAM,197367,142.5,135,7.5
12-11-2025,CHOLAVARAM,197367,164.1,135,29.1
13-11-2025,CHOLAVARAM,197367,95.7,135,0.0
14-11-2025,CHOLAVARAM,197367,162.8,135,27.8
15-11-2025,CHOLAVARAM,197367,136.5,135,1.5
16-11-2025,CHOLAVARAM,197367,156.1,135,21.1
17-11-2025,CHOLAVARAM,197367,132.0,135,0.0
18-11-2025,CHOLAVARAM,197367,118.5,135,0.0
19-11-2025,CHOLAVARAM,197367,151.8,135,16.8
20-11-2025,CHOLAVARAM,197367,115.0,135,0.0
21-11-2025,CHOLAVARAM,197367,137.0,135,2.0
22-11-2025,CHOLAVARAM,197367,128.8,135,0.0
23-11-2025,CHOLAVARAM,197367,141.5,135,6.5
24-11-2025,CHOLAVARAM,197367,160.9,135,25.9
25-11-2025,CHOLAVARAM,197367,135.2,135,0.2
26-11-2025,CHOLAVARAM,197367,151.3,135,16.3
27-11-2025,CHOLAVARAM,197367,159.8,135,24.8
28-11-2025,CHOLAVARAM,197367,132.9,135,0.0
29-11-2025,CHOLAVARAM,197367,133.1,135,0.0
30-11-2025,CHOLAVARAM,197367,172.4,135,37.4
01-12-2025,CHOLAVARAM,197367,143.4,135,8.4
02-12-2025,CHOLAVARAM,197367,155.2,135,20.2
03-12-2025,CHOLAVARAM,197367,155.0,135,20.0
04-12-2025,CHOLAVARAM,197367,121.0,135,0.0
05-12-2025,CHOLAVARAM,197367,129.8,135,0.0
06-12-2025,CHOLAVARAM,197367,152.5,135,17.5
07-12-2025,CHOLAVARAM,197367,103.7,135,0.0
08-12-2025,CHOLAVARAM,197367,140.8,135,5.8
09-12-2025,CHOLAVARAM,197367,127.7,135,0.0
10-12-2025,CHOLAVARAM,197367,167.2,135,32.2
11-12-2025,CHOLAVARAM,197367,151.9,135,16.9
12-12-2025,CHOLAVARAM,197367,168.8,135,33.8
13-12-2025,CHOLAVARAM,197367,144.2,135,9.2
14-12-2025,CHOLAVARAM,197367,142.7,135,7.7
15-12-2025,CHOLAVARAM,197367,138.9,135,3.9
16-12-2025,CHOLAVARAM,197367,134.9,135,0.0
17-12-2025,CHOLAVARAM,197367,198.7,135,63.7
18-12-2025,CHOLAVARAM,197367,161.1,135,26.1
19-12-2025,CHOLAVARAM,197367,123.7,135,0.0
20-12-2025,CHOLAVARAM,197367,197.8,135,62.8
21-12-2025,CHOLAVARAM,197367,136.9,135,1.9
22-12-2025,CHOLAVARAM,197367,151.4,135,16.4
23-12-2025,CHOLAVARAM,197367,163.8,135,28.8
24-12-2025,CHOLAVARAM,197367,114.2,135,0.0
25-12-2025,CHOLAVARAM,197367,128.5,135,0.0
26-12-2025,CHOLAVARAM,197367,178.0,135,43.0
27-12-2025,CHOLAVARAM,197367,140.5,135,5.5
28-12-2025,CHOLAVARAM,197367,165.0,135,30.0
29-12-2025,CHOLAVARAM,197367,135.9,135,0.9
30-12-2025,CHOLAVARAM,197367,143.1,135,8.1
31-12-2025,CHOLAVARAM,197367,180.7,135,45.7
01-01-2026,CHOLAVARAM,197367,153.8,135,18.8
02-01-2026,CHOLAVARAM,197367,138.1,135,3.1
03-01-2026,CHOLAVARAM,197367,131.3,135,0.0
04-01-2026,CHOLAVARAM,197367,133.2,135,0.0
05-01-2026,CHOLAVARAM,197367,169.8,135,34.8
06-01-2026,CHOLAVARAM,197367,160.3,135,25.3
07-01-2026,CHOLAVARAM,197367,122.0,135,0.0
08-01-2026,CHOLAVARAM,197367,146.7,135,11.7
09-01-2026,CHOLAVARAM,197367,143.7,135,8.7
10-01-2026,CHOLAVARAM,197367,151.3,135,16.3
11-01-2026,CHOLAVARAM,197367,132.9,135,0.0
12-01-2026,CHOLAVARAM,197367,167.0,135,32.0
13-01-2026,CHOLAVARAM,197367,145.0,135,10.0
14-01-2026,CHOLAVARAM,197367,152.5,135,17.5
15-01-2026,CHOLAVARAM,197367,129.3,135,0.0
16-01-2026,CHOLAVARAM,197367,130.3,135,0.0
17-01-2026,CHOLAVARAM,197367,198.2,135,63.2
18-01-2026,CHOLAVARAM,197367,181.0,135,46.0
19-01-2026,CHOLAVARAM,197367,143.6,135,8.6
20-01-2026,CHOLAVARAM,197367,175.7,135,40.7
21-01-2026,CHOLAVARAM,197367,169.3,135,34.3
22-01-2026,CHOLAVARAM,197367,132.5,135,0.0
23-01-2026,CHOLAVARAM,197367,130.5,135,0.0
24-01-2026,CHOLAVARAM,197367,158.4,135,23.4
25-01-2026,CHOLAVARAM,197367,150.2,135,15.2
26-01-2026,CHOLAVARAM,197367,137.0,135,2.0
27-01-2026,CHOLAVARAM,197367,159.4,135,24.4
28-01-2026,CHOLAVARAM,197367,116.2,135,0.0
29-01-2026,CHOLAVARAM,197367,147.3,135,12.3
30-01-2026,CHOLAVARAM,197367,120.2,135,0.0
31-01-2026,CHOLAVARAM,197367,120.9,135,0.0
01-02-2026,CHOLAVARAM,197367,130.9,135,0.0
02-02-2026,CHOLAVARAM,197367,152.3,135,17.3
03-02-2026,CHOLAVARAM,197367,131.5,135,0.0
04-02-2026,CHOLAVARAM,197367,120.6,135,0.0
05-02-2026,CHOLAVARAM,197367,154.5,135,19.5
06-02-2026,CHOLAVARAM,197367,174.9,135,39.9
07-02-2026,CHOLAVARAM,197367,157.8,135,22.8
08-02-2026,CHOLAVARAM,197367,181.0,135,46.0
09-02-2026,CHOLAVARAM,197367,173.2,135,38.2
10-02-2026,CHOLAVARAM,197367,135.3,135,0.3
11-02-2026,CHOLAVARAM,197367,157.6,135,22.6
12-02-2026,CHOLAVARAM,197367,143.2,135,8.2
13-02-2026,CHOLAVARAM,197367,166.2,135,31.2
14-02-2026,CHOLAVARAM,197367,143.2,135,8.2
15-02-2026,CHOLAVARAM,197367,129.2,135,0.0
16-02-2026,CHOLAVARAM,197367,172.5,135,37.5
17-02-2026,CHOLAVARAM,197367,151.4,135,16.4
18-02-2026,CHOLAVARAM,197367,131.7,135,0.0
19-02-2026,CHOLAVARAM,197367,135.0,135,0.0
20-02-2026,CHOLAVARAM,197367,131.6,135,0.0
21-02-2026,CHOLAVARAM,197367,125.0,135,0.0
22-02-2026,CHOLAVARAM,197367,135.4,135,0.4
23-02-2026,CHOLAVARAM,197367,152.5,135,17.5
24-02-2026,CHOLAVARAM,197367,146.3,135,11.3
25-02-2026,CHOLAVARAM,197367,136.2,135,1.2
26-02-2026,CHOLAVARAM,197367,174.9,135,39.9
27-02-2026,CHOLAVARAM,197367,104.8,135,0.0
28-02-2026,CHOLAVARAM,197367,151.1,135,16.1
01-03-2026,CHOLAVARAM,197367,142.1,135,7.1
02-03-2026,CHOLAVARAM,197367,125.6,135,0.0
03-03-2026,CHOLAVARAM,197367,152.3,135,17.3
04-03-2026,CHOLAVARAM,197367,140.6,135,5.6
05-03-2026,CHOLAVARAM,197367,169.9,135,34.9
06-03-2026,CHOLAVARAM,197367,162.4,135,27.4
07-03-2026,CHOLAVARAM,197367,183.1,135,48.1
08-03-2026,CHOLAVARAM,197367,135.3,135,0.3
09-03-2026,CHOLAVARAM,197367,172.9,135,37.9
10-03-2026,CHOLAVARAM,197367,121.7,135,0.0
11-03-2026,CHOLAVARAM,197367,142.8,135,7.8
12-03-2026,CHOLAVARAM,197367,135.7,135,0.7
13-03-2026,CHOLAVARAM,197367,157.0,135,22.0
14-03-2026,CHOLAVARAM,197367,156.6,135,21.6
15-03-2026,CHOLAVARAM,197367,127.0,135,0.0
16-03-2026,CHOLAVARAM,197367,158.2,135,23.2
17-03-2026,CHOLAVARAM,197367,137.4,135,2.4
18-03-2026,CHOLAVARAM,197367,128.7,135,0.0
19-03-2026,CHOLAVARAM,197367,144.8,135,9.8
20-03-2026,CHOLAVARAM,197367,115.5,135,0.0
21-03-2026,CHOLAVARAM,197367,163.6,135,28.6
22-03-2026,CHOLAVARAM,197367,143.9,135,8.9
23-03-2026,CHOLAVARAM,197367,144.3,135,9.3
24-03-2026,CHOLAVARAM,197367,143.3,135,8.3
25-03-2026,CHOLAVARAM,197367,177.9,135,42.9
26-03-2026,CHOLAVARAM,197367,175.4,135,40.4
27-03-2026,CHOLAVARAM,197367,172.0,135,37.0
28-03-2026,CHOLAVARAM,197367,143.3,135,8.3
29-03-2026,CHOLAVARAM,197367,122.7,135,0.0
30-03-2026,CHOLAVARAM,197367,144.7,135,9.7
31-03-2026,CHOLAVARAM,197367,151.3,135,16.3
01-04-2026,CHOLAVARAM,197367,161.3,135,26.3
02-04-2026,CHOLAVARAM,197367,151.2,135,16.2
03-04-2026,CHOLAVARAM,197367,124.5,135,0.0
04-04-2026,CHOLAVARAM,197367,134.3,135,0.0
05-04-2026,CHOLAVARAM,197367,132.5,135,0.0
06-04-2026,CHOLAVARAM,197367,155.8,135,20.8
07-04-2026,CHOLAVARAM,197367,156.3,135,21.3
08-04-2026,CHOLAVARAM,197367,158.9,135,23.9
09-04-2026,CHOLAVARAM,197367,151.0,135,16.0
10-04-2026,CHOLAVARAM,197367,103.8,135,0.0
11-04-2026,CHOLAVARAM,197367,110.5,135,0.0
12-04-2026,CHOLAVARAM,197367,142.2,135,7.2
13-04-2026,CHOLAVARAM,197367,147.0,135,12.0
14-04-2026,CHOLAVARAM,197367,170.1,135,35.1
15-04-2026,CHOLAVARAM,197367,146.6,135,11.6
16-04-2026,CHOLAVARAM,197367,125.5,135,0.0
17-04-2026,CHOLAVARAM,197367,158.2,135,23.2
18-04-2026,CHOLAVARAM,197367,144.7,135,9.7
19-04-2026,CHOLAVARAM,197367,137.0,135,2.0
20-04-2026,CHOLAVARAM,197367,112.7,135,0.0
21-04-2026,CHOLAVARAM,197367,146.7,135,11.7
22-04-2026,CHOLAVARAM,197367,149.6,135,14.6
23-04-2026,CHOLAVARAM,197367,125.1,135,0.0
24-04-2026,CHOLAVARAM,197367,159.9,135,24.9
25-04-2026,CHOLAVARAM,197367,158.1,135,23.1
26-04-2026,CHOLAVARAM,197367,146.0,135,11.0
27-04-2026,CHOLAVARAM,197367,145.2,135,10.2
28-04-2026,CHOLAVARAM,197367,163.9,135,28.9
29-04-2026,CHOLAVARAM,197367,152.4,135,17.4
30-04-2026,CHOLAVARAM,197367,131.0,135,0.0
01-05-2026,CHOLAVARAM,197367,141.0,135,6.0
02-05-2026,CHOLAVARAM,197367,156.1,135,21.1
03-05-2026,CHOLAVARAM,197367,104.4,135,0.0
04-05-2026,CHOLAVARAM,197367,126.4,135,0.0
05-05-2026,CHOLAVARAM,197367,158.6,135,23.6
06-05-2026,CHOLAVARAM,197367,169.2,135,34.2
07-05-2026,CHOLAVARAM,197367,165.4,135,30.4
08-05-2026,CHOLAVARAM,197367,162.9,135,27.9
09-05-2026,CHOLAVARAM,197367,147.6,135,12.6
10-05-2026,CHOLAVARAM,197367,124.4,135,0.0
11-05-2026,CHOLAVARAM,197367,141.1,135,6.1
12-05-2026,CHOLAVARAM,197367,105.1,135,0.0
13-05-2026,CHOLAVARAM,197367,171.0,135,36.0
14-05-2026,CHOLAVARAM,197367,128.7,135,0.0
15-05-2026,CHOLAVARAM,197367,134.3,135,0.0
16-05-2026,CHOLAVARAM,197367,166.2,135,31.2
17-05-2026,CHOLAVARAM,197367,112.7,135,0.0
18-05-2026,CHOLAVARAM,197367,121.2,135,0.0
19-05-2026,CHOLAVARAM,197367,150.4,135,15.4
20-05-2026,CHOLAVARAM,197367,155.4,135,20.4
21-05-2026,CHOLAVARAM,197367,143.6,135,8.6
22-05-2026,CHOLAVARAM,197367,144.2,135,9.2
23-05-2026,CHOLAVARAM,197367,170.4,135,35.4
24-05-2026,CHOLAVARAM,197367,157.7,135,22.7
25-05-2026,CHOLAVARAM,197367,155.0,135,20.0
26-05-2026,CHOLAVARAM,197367,160.5,135,25.5
27-05-2026,CHOLAVARAM,197367,139.0,135,4.0
28-05-2026,CHOLAVARAM,197367,188.5,135,53.5
29-05-2026,CHOLAVARAM,197367,98.8,135,0.0
30-05-2026,CHOLAVARAM,197367,174.2,135,39.2
31-05-2026,CHOLAVARAM,197367,163.0,135,28.0
01-06-2026,CHOLAVARAM,197367,150.0,135,15.0
02-06-2026,CHOLAVARAM,197367,146.6,135,11.6
03-06-2026,CHOLAVARAM,197367,141.9,135,6.9
04-06-2026,CHOLAVARAM,197367,167.1,135,32.1
05-06-2026,CHOLAVARAM,197367,144.2,135,9.2
06-06-2026,CHOLAVARAM,197367,130.4,135,0.0
07-06-2026,CHOLAVARAM,197367,163.0,135,28.0
08-06-2026,CHOLAVARAM,197367,176.7,135,41.7
09-06-2026,CHOLAVARAM,197367,106.5,135,0.0
10-06-2026,CHOLAVARAM,197367,192.1,135,57.1
11-06-2026,CHOLAVARAM,197367,124.3,135,0.0
12-06-2026,CHOLAVARAM,197367,125.8,135,0.0
13-06-2026,CHOLAVARAM,197367,120.1,135,0.0
14-06-2026,CHOLAVARAM,197367,145.0,135,10.0
15-06-2026,CHOLAVARAM,197367,119.4,135,0.0
16-06-2026,CHOLAVARAM,197367,121.8,135,0.0
17-06-2026,CHOLAVARAM,197367,131.2,135,0.0
18-06-2026,CHOLAVARAM,197367,147.8,135,12.8
19-06-2026,CHOLAVARAM,197367,149.7,135,14.7
20-06-2026,CHOLAVARAM,197367,169.8,135,34.8
21-06-2026,CHOLAVARAM,197367,169.4,135,34.4
22-06-2026,CHOLAVARAM,197367,165.5,135,30.5
23-06-2026,CHOLAVARAM,197367,139.8,135,4.8
24-06-2026,CHOLAVARAM,197367,108.2,135,0.0
25-06-2026,CHOLAVARAM,197367,107.7,135,0.0
26-06-2026,CHOLAVARAM,197367,165.4,135,30.4
27-06-2026,CHOLAVARAM,197367,161.9,135,26.9
28-06-2026,CHOLAVARAM,197367,132.7,135,0.0
29-06-2026,CHOLAVARAM,197367,116.2,135,0.0
30-06-2026,CHOLAVARAM,197367,124.1,135,0.0
01-07-2026,CHOLAVARAM,197367,148.5,135,13.5
02-07-2026,CHOLAVARAM,197367,148.5,135,13.5
03-07-2026,CHOLAVARAM,197367,165.9,135,30.9
04-07-2026,CHOLAVARAM,197367,136.0,135,1.0
05-07-2026,CHOLAVARAM,197367,140.1,135,5.1
06-07-2026,CHOLAVARAM,197367,167.5,135,32.5
07-07-2026,CHOLAVARAM,197367,102.5,135,0.0
08-07-2026,CHOLAVARAM,197367,151.3,135,16.3
09-07-2026,CHOLAVARAM,197367,138.3,135,3.3
10-07-2026,CHOLAVARAM,197367,159.3,135,24.3
11-07-2026,CHOLAVARAM,197367,155.3,135,20.3
12-07-2026,CHOLAVARAM,197367,131.1,135,0.0
13-07-2026,CHOLAVARAM,197367,134.9,135,0.0
14-07-2026,CHOLAVARAM,197367,99.0,135,0.0
15-07-2026,CHOLAVARAM,197367,160.0,135,25.0
16-07-2026,CHOLAVARAM,197367,149.8,135,14.8
17-07-2026,CHOLAVARAM,197367,173.0,135,38.0
18-07-2026,CHOLAVARAM,197367,137.0,135,2.0
19-07-2026,CHOLAVARAM,197367,163.3,135,28.3
20-07-2026,CHOLAVARAM,197367,123.6,135,0.0
21-07-2026,CHOLAVARAM,197367,90.9,135,0.0
22-07-2026,CHOLAVARAM,197367,143.1,135,8.1
23-07-2026,CHOLAVARAM,197367,133.7,135,0.0
24-07-2026,CHOLAVARAM,197367,124.0,135,0.0
25-07-2026,CHOLAVARAM,197367,163.0,135,28.0
26-07-2026,CHOLAVARAM,197367,169.2,135,34.2
27-07-2026,CHOLAVARAM,197367,147.1,135,12.1
28-07-2026,CHOLAVARAM,197367,141.3,135,6.3
29-07-2026,CHOLAVARAM,197367,146.3,135,11.3
30-07-2026,CHOLAVARAM,197367,131.9,135,0.0
31-07-2026,CHOLAVARAM,197367,156.3,135,21.3
01-08-2026,CHOLAVARAM,197367,114.2,135,0.0
02-08-2026,CHOLAVARAM,197367,123.5,135,0.0
03-08-2026,CHOLAVARAM,197367,129.2,135,0.0
04-08-2026,CHOLAVARAM,197367,155.8,135,20.8
05-08-2026,CHOLAVARAM,197367,139.0,135,4.0
06-08-2026,CHOLAVARAM,197367,172.2,135,37.2
07-08-2026,CHOLAVARAM,197367,161.1,135,26.1
08-08-2026,CHOLAVARAM,197367,129.0,135,0.0
09-08-2026,CHOLAVARAM,197367,157.7,135,22.7
10-08-2026,CHOLAVARAM,197367,136.8,135,1.8
11-08-2026,CHOLAVARAM,197367,154.5,135,19.5
12-08-2026,CHOLAVARAM,197367,162.0,135,27.0
13-08-2026,CHOLAVARAM,197367,167.3,135,32.3
14-08-2026,CHOLAVARAM,197367,149.0,135,14.0
15-08-2026,CHOLAVARAM,197367,177.0,135,42.0
16-08-2026,CHOLAVARAM,197367,153.8,135,18.8
17-08-2026,CHOLAVARAM,197367,147.7,135,12.7
18-08-2026,CHOLAVARAM,197367,138.9,135,3.9
19-08-2026,CHOLAVARAM,197367,132.4,135,0.0
20-08-2026,CHOLAVARAM,197367,153.4,135,18.4
21-08-2026,CHOLAVARAM,197367,147.0,135,12.0
22-08-2026,CHOLAVARAM,197367,150.2,135,15.2
23-08-2026,CHOLAVARAM,197367,154.6,135,19.6
24-08-2026,CHOLAVARAM,197367,150.1,135,15.1
25-08-2026,CHOLAVARAM,197367,185.3,135,50.3
26-08-2026,CHOLAVARAM,197367,134.4,135,0.0
27-08-2026,CHOLAVARAM,197367,153.6,135,18.6
28-08-2026,CHOLAVARAM,197367,140.4,135,5.4
29-08-2026,CHOLAVARAM,197367,95.8,135,0.0
30-08-2026,CHOLAVARAM,197367,141.1,135,6.1
31-08-2026,CHOLAVARAM,197367,126.3,135,0.0
01-09-2026,CHOLAVARAM,197367,143.7,135,8.7
02-09-2026,CHOLAVARAM,197367,144.5,135,9.5
03-09-2026,CHOLAVARAM,197367,152.7,135,17.7
04-09-2026,CHOLAVARAM,197367,134.4,135,0.0
05-09-2026,CHOLAVARAM,197367,136.9,135,1.9
06-09-2026,CHOLAVARAM,197367,159.0,135,24.0
07-09-2026,CHOLAVARAM,197367,128.8,135,0.0
08-09-2026,CHOLAVARAM,197367,108.2,135,0.0
09-09-2026,CHOLAVARAM,197367,148.1,135,13.1
10-09-2026,CHOLAVARAM,197367,166.4,135,31.4
11-09-2026,CHOLAVARAM,197367,158.8,135,23.8
12-09-2026,CHOLAVARAM,197367,148.5,135,13.5
13-09-2026,CHOLAVARAM,197367,170.0,135,35.0
14-09-2026,CHOLAVARAM,197367,166.6,135,31.6
15-09-2026,CHOLAVARAM,197367,138.4,135,3.4
16-09-2026,CHOLAVARAM,197367,150.0,135,15.0
17-09-2024,REDHILLS,385067,140.2,135,5.2
18-09-2024,REDHILLS,385067,154.3,135,19.3
19-09-2024,REDHILLS,385067,155.4,135,20.4
20-09-2024,REDHILLS,385067,123.4,135,0.0
21-09-2024,REDHILLS,385067,164.9,135,29.9
22-09-2024,REDHILLS,385067,167.5,135,32.5
23-09-2024,REDHILLS,385067,122.4,135,0.0
24-09-2024,REDHILLS,385067,128.5,135,0.0
25-09-2024,REDHILLS,385067,168.8,135,33.8
26-09-2024,REDHILLS,385067,142.1,135,7.1
27-09-2024,REDHILLS,385067,100.6,135,0.0
28-09-2024,REDHILLS,385067,117.0,135,0.0
29-09-2024,REDHILLS,385067,140.0,135,5.0
30-09-2024,REDHILLS,385067,121.7,135,0.0
01-10-2024,REDHILLS,385067,136.7,135,1.7
02-10-2024,REDHILLS,385067,145.6,135,10.6
03-10-2024,REDHILLS,385067,174.2,135,39.2
04-10-2024,REDHILLS,385067,139.2,135,4.2
05-10-2024,REDHILLS,385067,166.5,135,31.5
06-10-2024,REDHILLS,385067,173.6,135,38.6
07-10-2024,REDHILLS,385067,173.7,135,38.7
08-10-2024,REDHILLS,385067,150.7,135,15.7
09-10-2024,REDHILLS,385067,105.7,135,0.0
10-10-2024,REDHILLS,385067,154.2,135,19.2
11-10-2024,REDHILLS,385067,166.0,135,31.0
12-10-2024,REDHILLS,385067,143.4,135,8.4
13-10-2024,REDHILLS,385067,179.9,135,44.9
14-10-2024,REDHILLS,385067,162.2,135,27.2
15-10-2024,REDHILLS,385067,156.4,135,21.4
16-10-2024,REDHILLS,385067,166.7,135,31.7
17-10-2024,REDHILLS,385067,151.7,135,16.7
18-10-2024,REDHILLS,385067,95.1,135,0.0
19-10-2024,REDHILLS,385067,135.0,135,0.0
20-10-2024,REDHILLS,385067,168.9,135,33.9
21-10-2024,REDHILLS,385067,128.8,135,0.0
22-10-2024,REDHILLS,385067,140.5,135,5.5
23-10-2024,REDHILLS,385067,124.1,135,0.0
24-10-2024,REDHILLS,385067,180.7,135,45.7
25-10-2024,REDHILLS,385067,178.6,135,43.6
26-10-2024,REDHILLS,385067,127.3,135,0.0
27-10-2024,REDHILLS,385067,147.9,135,12.9
28-10-2024,REDHILLS,385067,131.4,135,0.0
29-10-2024,REDHILLS,385067,157.3,135,22.3
30-10-2024,REDHILLS,385067,155.2,135,20.2
31-10-2024,REDHILLS,385067,161.2,135,26.2
01-11-2024,REDHILLS,385067,151.6,135,16.6
02-11-2024,REDHILLS,385067,203.7,135,68.7
03-11-2024,REDHILLS,385067,124.4,135,0.0
04-11-2024,REDHILLS,385067,110.8,135,0.0
05-11-2024,REDHILLS,385067,137.1,135,2.1
06-11-2024,REDHILLS,385067,113.6,135,0.0
07-11-2024,REDHILLS,385067,115.2,135,0.0
08-11-2024,REDHILLS,385067,125.0,135,0.0
09-11-2024,REDHILLS,385067,126.6,135,0.0
10-11-2024,REDHILLS,385067,125.9,135,0.0
11-11-2024,REDHILLS,385067,155.4,135,20.4
12-11-2024,REDHILLS,385067,134.9,135,0.0
13-11-2024,REDHILLS,385067,141.4,135,6.4
14-11-2024,REDHILLS,385067,162.9,135,27.9
15-11-2024,REDHILLS,385067,129.7,135,0.0
16-11-2024,REDHILLS,385067,139.7,135,4.7
17-11-2024,REDHILLS,385067,152.3,135,17.3
18-11-2024,REDHILLS,385067,106.2,135,0.0
19-11-2024,REDHILLS,385067,97.3,135,0.0
20-11-2024,REDHILLS,385067,151.9,135,16.9
21-11-2024,REDHILLS,385067,154.8,135,19.8
22-11-2024,REDHILLS,385067,186.3,135,51.3
23-11-2024,REDHILLS,385067,148.2,135,13.2
24-11-2024,REDHILLS,385067,161.4,135,26.4
25-11-2024,REDHILLS,385067,141.1,135,6.1
26-11-2024,REDHILLS,385067,150.9,135,15.9
27-11-2024,REDHILLS,385067,178.3,135,43.3
28-11-2024,REDHILLS,385067,102.5,135,0.0
29-11-2024,REDHILLS,385067,153.3,135,18.3
30-11-2024,REDHILLS,385067,187.7,135,52.7
01-12-2024,REDHILLS,385067,150.6,135,15.6
02-12-2024,REDHILLS,385067,178.0,135,43.0
03-12-2024,REDHILLS,385067,132.4,135,0.0
04-12-2024,REDHILLS,385067,144.4,135,9.4
05-12-2024,REDHILLS,385067,145.7,135,10.7
06-12-2024,REDHILLS,385067,100.6,135,0.0
07-12-2024,REDHILLS,385067,121.6,135,0.0
08-12-2024,REDHILLS,385067,123.1,135,0.0
09-12-2024,REDHILLS,385067,161.4,135,26.4
10-12-2024,REDHILLS,385067,162.4,135,27.4
11-12-2024,REDHILLS,385067,151.5,135,16.5
12-12-2024,REDHILLS,385067,161.5,135,26.5
13-12-2024,REDHILLS,385067,141.7,135,6.7
14-12-2024,REDHILLS,385067,169.0,135,34.0
15-12-2024,REDHILLS,385067,145.2,135,10.2
16-12-2024,REDHILLS,385067,146.2,135,11.2
17-12-2024,REDHILLS,385067,139.7,135,4.7
18-12-2024,REDHILLS,385067,158.7,135,23.7
19-12-2024,REDHILLS,385067,136.6,135,1.6
20-12-2024,REDHILLS,385067,164.5,135,29.5
21-12-2024,REDHILLS,385067,122.4,135,0.0
22-12-2024,REDHILLS,385067,123.0,135,0.0
23-12-2024,REDHILLS,385067,158.7,135,23.7
24-12-2024,REDHILLS,385067,143.2,135,8.2
25-12-2024,REDHILLS,385067,135.9,135,0.9
26-12-2024,REDHILLS,385067,162.8,135,27.8
27-12-2024,REDHILLS,385067,132.9,135,0.0
28-12-2024,REDHILLS,385067,141.0,135,6.0
29-12-2024,REDHILLS,385067,173.0,135,38.0
30-12-2024,REDHILLS,385067,175.8,135,40.8
31-12-2024,REDHILLS,385067,176.4,135,41.4
01-01-2025,REDHILLS,385067,139.4,135,4.4
02-01-2025,REDHILLS,385067,169.6,135,34.6
03-01-2025,REDHILLS,385067,126.0,135,0.0
04-01-2025,REDHILLS,385067,126.9,135,0.0
05-01-2025,REDHILLS,385067,98.0,135,0.0
06-01-2025,REDHILLS,385067,178.5,135,43.5
07-01-2025,REDHILLS,385067,127.7,135,0.0
08-01-2025,REDHILLS,385067,142.5,135,7.5
09-01-2025,REDHILLS,385067,126.8,135,0.0
10-01-2025,REDHILLS,385067,158.9,135,23.9
11-01-2025,REDHILLS,385067,137.5,135,2.5
12-01-2025,REDHILLS,385067,118.9,135,0.0
13-01-2025,REDHILLS,385067,153.8,135,18.8
14-01-2025,REDHILLS,385067,116.3,135,0.0
15-01-2025,REDHILLS,385067,128.3,135,0.0
16-01-2025,REDHILLS,385067,102.9,135,0.0
17-01-2025,REDHILLS,385067,116.5,135,0.0
18-01-2025,REDHILLS,385067,148.6,135,13.6
19-01-2025,REDHILLS,385067,105.7,135,0.0
20-01-2025,REDHILLS,385067,115.4,135,0.0
21-01-2025,REDHILLS,385067,145.0,135,10.0
22-01-2025,REDHILLS,385067,134.1,135,0.0
23-01-2025,REDHILLS,385067,184.8,135,49.8
24-01-2025,REDHILLS,385067,181.7,135,46.7
25-01-2025,REDHILLS,385067,127.6,135,0.0
26-01-2025,REDHILLS,385067,156.1,135,21.1
27-01-2025,REDHILLS,385067,160.0,135,25.0
28-01-2025,REDHILLS,385067,133.1,135,0.0
29-01-2025,REDHILLS,385067,115.1,135,0.0
30-01-2025,REDHILLS,385067,144.8,135,9.8
31-01-2025,REDHILLS,385067,141.5,135,6.5
01-02-2025,REDHILLS,385067,136.3,135,1.3
02-02-2025,REDHILLS,385067,153.8,135,18.8
03-02-2025,REDHILLS,385067,130.0,135,0.0
04-02-2025,REDHILLS,385067,122.0,135,0.0
05-02-2025,REDHILLS,385067,147.2,135,12.2
06-02-2025,REDHILLS,385067,152.7,135,17.7
07-02-2025,REDHILLS,385067,121.5,135,0.0
08-02-2025,REDHILLS,385067,163.6,135,28.6
09-02-2025,REDHILLS,385067,109.6,135,0.0
10-02-2025,REDHILLS,385067,133.4,135,0.0
11-02-2025,REDHILLS,385067,139.8,135,4.8
12-02-2025,REDHILLS,385067,132.3,135,0.0
13-02-2025,REDHILLS,385067,133.7,135,0.0
14-02-2025,REDHILLS,385067,182.4,135,47.4
15-02-2025,REDHILLS,385067,128.0,135,0.0
16-02-2025,REDHILLS,385067,193.8,135,58.8
17-02-2025,REDHILLS,385067,153.7,135,18.7
18-02-2025,REDHILLS,385067,146.8,135,11.8
19-02-2025,REDHILLS,385067,154.5,135,19.5
20-02-2025,REDHILLS,385067,195.6,135,60.6
21-02-2025,REDHILLS,385067,125.1,135,0.0
22-02-2025,REDHILLS,385067,122.6,135,0.0
23-02-2025,REDHILLS,385067,129.9,135,0.0
24-02-2025,REDHILLS,385067,145.6,135,10.6
25-02-2025,REDHILLS,385067,110.5,135,0.0
26-02-2025,REDHILLS,385067,145.4,135,10.4
27-02-2025,REDHILLS,385067,178.9,135,43.9
28-02-2025,REDHILLS,385067,148.0,135,13.0
01-03-2025,REDHILLS,385067,139.1,135,4.1
02-03-2025,REDHILLS,385067,132.6,135,0.0
03-03-2025,REDHILLS,385067,163.0,135,28.0
04-03-2025,REDHILLS,385067,128.5,135,0.0
05-03-2025,REDHILLS,385067,181.9,135,46.9
06-03-2025,REDHILLS,385067,183.7,135,48.7
07-03-2025,REDHILLS,385067,150.1,135,15.1
08-03-2025,REDHILLS,385067,144.8,135,9.8
09-03-2025,REDHILLS,385067,165.6,135,30.6
10-03-2025,REDHILLS,385067,166.9,135,31.9
11-03-2025,REDHILLS,385067,128.9,135,0.0
12-03-2025,REDHILLS,385067,134.5,135,0.0
13-03-2025,REDHILLS,385067,118.6,135,0.0
14-03-2025,REDHILLS,385067,153.2,135,18.2
15-03-2025,REDHILLS,385067,158.3,135,23.3
16-03-2025,REDHILLS,385067,118.0,135,0.0
17-03-2025,REDHILLS,385067,135.9,135,0.9
18-03-2025,REDHILLS,385067,118.1,135,0.0
19-03-2025,REDHILLS,385067,127.0,135,0.0
20-03-2025,REDHILLS,385067,156.0,135,21.0
21-03-2025,REDHILLS,385067,130.3,135,0.0
22-03-2025,REDHILLS,385067,139.0,135,4.0
23-03-2025,REDHILLS,385067,112.5,135,0.0
24-03-2025,REDHILLS,385067,148.7,135,13.7
25-03-2025,REDHILLS,385067,144.1,135,9.1
26-03-2025,REDHILLS,385067,130.4,135,0.0
27-03-2025,REDHILLS,385067,141.2,135,6.2
28-03-2025,REDHILLS,385067,148.6,135,13.6
29-03-2025,REDHILLS,385067,128.7,135,0.0
30-03-2025,REDHILLS,385067,115.5,135,0.0
31-03-2025,REDHILLS,385067,181.1,135,46.1
01-04-2025,REDHILLS,385067,132.3,135,0.0
02-04-2025,REDHILLS,385067,143.1,135,8.1
03-04-2025,REDHILLS,385067,165.2,135,30.2
04-04-2025,REDHILLS,385067,215.6,135,80.6
05-04-2025,REDHILLS,385067,120.1,135,0.0
06-04-2025,REDHILLS,385067,154.0,135,19.0
07-04-2025,REDHILLS,385067,130.8,135,0.0
08-04-2025,REDHILLS,385067,134.2,135,0.0
09-04-2025,REDHILLS,385067,130.6,135,0.0
10-04-2025,REDHILLS,385067,122.5,135,0.0
11-04-2025,REDHILLS,385067,144.2,135,9.2
12-04-2025,REDHILLS,385067,115.5,135,0.0
13-04-2025,REDHILLS,385067,163.9,135,28.9
14-04-2025,REDHILLS,385067,146.1,135,11.1
15-04-2025,REDHILLS,385067,153.4,135,18.4
16-04-2025,REDHILLS,385067,135.7,135,0.7
17-04-2025,REDHILLS,385067,137.7,135,2.7
18-04-2025,REDHILLS,385067,150.8,135,15.8
19-04-2025,REDHILLS,385067,121.7,135,0.0
20-04-2025,REDHILLS,385067,137.8,135,2.8
21-04-2025,REDHILLS,385067,127.8,135,0.0
22-04-2025,REDHILLS,385067,127.2,135,0.0
23-04-2025,REDHILLS,385067,102.8,135,0.0
24-04-2025,REDHILLS,385067,171.8,135,36.8
25-04-2025,REDHILLS,385067,131.3,135,0.0
26-04-2025,REDHILLS,385067,168.3,135,33.3
27-04-2025,REDHILLS,385067,166.4,135,31.4
28-04-2025,REDHILLS,385067,119.3,135,0.0
29-04-2025,REDHILLS,385067,123.2,135,0.0
30-04-2025,REDHILLS,385067,196.2,135,61.2
01-05-2025,REDHILLS,385067,180.0,135,45.0
02-05-2025,REDHILLS,385067,144.4,135,9.4
03-05-2025,REDHILLS,385067,150.1,135,15.1
04-05-2025,REDHILLS,385067,132.4,135,0.0
05-05-2025,REDHILLS,385067,153.6,135,18.6
06-05-2025,REDHILLS,385067,130.7,135,0.0
07-05-2025,REDHILLS,385067,104.4,135,0.0
08-05-2025,REDHILLS,385067,118.6,135,0.0
09-05-2025,REDHILLS,385067,145.4,135,10.4
10-05-2025,REDHILLS,385067,122.4,135,0.0
11-05-2025,REDHILLS,385067,143.7,135,8.7
12-05-2025,REDHILLS,385067,123.5,135,0.0
13-05-2025,REDHILLS,385067,129.4,135,0.0
14-05-2025,REDHILLS,385067,162.1,135,27.1
15-05-2025,REDHILLS,385067,149.9,135,14.9
16-05-2025,REDHILLS,385067,144.8,135,9.8
17-05-2025,REDHILLS,385067,162.6,135,27.6
18-05-2025,REDHILLS,385067,154.6,135,19.6
19-05-2025,REDHILLS,385067,173.9,135,38.9
20-05-2025,REDHILLS,385067,135.8,135,0.8
21-05-2025,REDHILLS,385067,136.4,135,1.4
22-05-2025,REDHILLS,385067,119.0,135,0.0
23-05-2025,REDHILLS,385067,136.4,135,1.4
24-05-2025,REDHILLS,385067,164.3,135,29.3
25-05-2025,REDHILLS,385067,171.0,135,36.0
26-05-2025,REDHILLS,385067,164.2,135,29.2
27-05-2025,REDHILLS,385067,109.1,135,0.0
28-05-2025,REDHILLS,385067,166.7,135,31.7
29-05-2025,REDHILLS,385067,108.2,135,0.0
30-05-2025,REDHILLS,385067,163.0,135,28.0
31-05-2025,REDHILLS,385067,137.6,135,2.6
01-06-2025,REDHILLS,385067,159.1,135,24.1
02-06-2025,REDHILLS,385067,118.4,135,0.0
03-06-2025,REDHILLS,385067,168.4,135,33.4
04-06-2025,REDHILLS,385067,115.7,135,0.0
05-06-2025,REDHILLS,385067,131.6,135,0.0
06-06-2025,REDHILLS,385067,125.0,135,0.0
07-06-2025,REDHILLS,385067,109.9,135,0.0
08-06-2025,REDHILLS,385067,146.9,135,11.9
09-06-2025,REDHILLS,385067,181.1,135,46.1
10-06-2025,REDHILLS,385067,198.3,135,63.3
11-06-2025,REDHILLS,385067,146.9,135,11.9
12-06-2025,REDHILLS,385067,167.3,135,32.3
13-06-2025,REDHILLS,385067,149.6,135,14.6
14-06-2025,REDHILLS,385067,155.0,135,20.0
15-06-2025,REDHILLS,385067,138.2,135,3.2
16-06-2025,REDHILLS,385067,148.9,135,13.9
17-06-2025,REDHILLS,385067,155.7,135,20.7
18-06-2025,REDHILLS,385067,133.4,135,0.0
19-06-2025,REDHILLS,385067,143.5,135,8.5
20-06-2025,REDHILLS,385067,143.8,135,8.8
21-06-2025,REDHILLS,385067,161.5,135,26.5
22-06-2025,REDHILLS,385067,123.7,135,0.0
23-06-2025,REDHILLS,385067,144.0,135,9.0
24-06-2025,REDHILLS,385067,183.2,135,48.2
25-06-2025,REDHILLS,385067,168.3,135,33.3
26-06-2025,REDHILLS,385067,172.0,135,37.0
27-06-2025,REDHILLS,385067,145.5,135,10.5
28-06-2025,REDHILLS,385067,151.4,135,16.4
29-06-2025,REDHILLS,385067,165.0,135,30.0
30-06-2025,REDHILLS,385067,176.2,135,41.2
01-07-2025,REDHILLS,385067,106.0,135,0.0
02-07-2025,REDHILLS,385067,118.7,135,0.0
03-07-2025,REDHILLS,385067,171.2,135,36.2
04-07-2025,REDHILLS,385067,139.5,135,4.5
05-07-2025,REDHILLS,385067,131.6,135,0.0
06-07-2025,REDHILLS,385067,119.9,135,0.0
07-07-2025,REDHILLS,385067,133.9,135,0.0
08-07-2025,REDHILLS,385067,117.0,135,0.0
09-07-2025,REDHILLS,385067,186.8,135,51.8
10-07-2025,REDHILLS,385067,144.6,135,9.6
11-07-2025,REDHILLS,385067,143.8,135,8.8
12-07-2025,REDHILLS,385067,156.8,135,21.8
13-07-2025,REDHILLS,385067,164.2,135,29.2
14-07-2025,REDHILLS,385067,163.9,135,28.9
15-07-2025,REDHILLS,385067,166.5,135,31.5
16-07-2025,REDHILLS,385067,132.4,135,0.0
17-07-2025,REDHILLS,385067,139.0,135,4.0
18-07-2025,REDHILLS,385067,160.4,135,25.4
19-07-2025,REDHILLS,385067,134.5,135,0.0
20-07-2025,REDHILLS,385067,144.9,135,9.9
21-07-2025,REDHILLS,385067,153.0,135,18.0
22-07-2025,REDHILLS,385067,160.7,135,25.7
23-07-2025,REDHILLS,385067,109.4,135,0.0
24-07-2025,REDHILLS,385067,159.3,135,24.3
25-07-2025,REDHILLS,385067,140.3,135,5.3
26-07-2025,REDHILLS,385067,159.1,135,24.1
27-07-2025,REDHILLS,385067,160.5,135,25.5
28-07-2025,REDHILLS,385067,177.2,135,42.2
29-07-2025,REDHILLS,385067,172.1,135,37.1
30-07-2025,REDHILLS,385067,171.9,135,36.9
31-07-2025,REDHILLS,385067,173.9,135,38.9
01-08-2025,REDHILLS,385067,150.8,135,15.8
02-08-2025,REDHILLS,385067,145.6,135,10.6
03-08-2025,REDHILLS,385067,162.5,135,27.5
04-08-2025,REDHILLS,385067,159.6,135,24.6
05-08-2025,REDHILLS,385067,138.8,135,3.8
06-08-2025,REDHILLS,385067,153.1,135,18.1
07-08-2025,REDHILLS,385067,144.3,135,9.3
08-08-2025,REDHILLS,385067,127.9,135,0.0
09-08-2025,REDHILLS,385067,170.8,135,35.8
10-08-2025,REDHILLS,385067,146.1,135,11.1
11-08-2025,REDHILLS,385067,186.0,135,51.0
12-08-2025,REDHILLS,385067,112.5,135,0.0
13-08-2025,REDHILLS,385067,133.9,135,0.0
14-08-2025,REDHILLS,385067,145.7,135,10.7
15-08-2025,REDHILLS,385067,167.7,135,32.7
16-08-2025,REDHILLS,385067,153.0,135,18.0
17-08-2025,REDHILLS,385067,151.2,135,16.2
18-08-2025,REDHILLS,385067,122.5,135,0.0
19-08-2025,REDHILLS,385067,121.9,135,0.0
20-08-2025,REDHILLS,385067,151.5,135,16.5
21-08-2025,REDHILLS,385067,117.7,135,0.0
22-08-2025,REDHILLS,385067,134.4,135,0.0
23-08-2025,REDHILLS,385067,155.0,135,20.0
24-08-2025,REDHILLS,385067,125.4,135,0.0
25-08-2025,REDHILLS,385067,177.1,135,42.1
26-08-2025,REDHILLS,385067,169.5,135,34.5
27-08-2025,REDHILLS,385067,113.6,135,0.0
28-08-2025,REDHILLS,385067,126.4,135,0.0
29-08-2025,REDHILLS,385067,99.3,135,0.0
30-08-2025,REDHILLS,385067,129.3,135,0.0
31-08-2025,REDHILLS,385067,160.3,135,25.3
01-09-2025,REDHILLS,385067,136.7,135,1.7
02-09-2025,REDHILLS,385067,154.2,135,19.2
03-09-2025,REDHILLS,385067,114.6,135,0.0
04-09-2025,REDHILLS,385067,161.0,135,26.0
05-09-2025,REDHILLS,385067,133.9,135,0.0
06-09-2025,REDHILLS,385067,145.2,135,10.2
07-09-2025,REDHILLS,385067,143.1,135,8.1
08-09-2025,REDHILLS,385067,119.6,135,0.0
09-09-2025,REDHILLS,385067,121.9,135,0.0
10-09-2025,REDHILLS,385067,164.4,135,29.4
11-09-2025,REDHILLS,385067,153.0,135,18.0
12-09-2025,REDHILLS,385067,166.0,135,31.0
13-09-2025,REDHILLS,385067,151.5,135,16.5
14-09-2025,REDHILLS,385067,147.9,135,12.9
15-09-2025,REDHILLS,385067,110.5,135,0.0
16-09-2025,REDHILLS,385067,139.6,135,4.6
17-09-2025,REDHILLS,385067,144.5,135,9.5
18-09-2025,REDHILLS,385067,184.1,135,49.1
19-09-2025,REDHILLS,385067,158.7,135,23.7
20-09-2025,REDHILLS,385067,175.7,135,40.7
21-09-2025,REDHILLS,385067,157.0,135,22.0
22-09-2025,REDHILLS,385067,130.8,135,0.0
23-09-2025,REDHILLS,385067,147.3,135,12.3
24-09-2025,REDHILLS,385067,149.7,135,14.7
25-09-2025,REDHILLS,385067,126.2,135,0.0
26-09-2025,REDHILLS,385067,137.3,135,2.3
27-09-2025,REDHILLS,385067,140.9,135,5.9
28-09-2025,REDHILLS,385067,177.1,135,42.1
29-09-2025,REDHILLS,385067,103.4,135,0.0
30-09-2025,REDHILLS,385067,169.1,135,34.1
01-10-2025,REDHILLS,385067,126.3,135,0.0
02-10-2025,REDHILLS,385067,117.6,135,0.0
03-10-2025,REDHILLS,385067,168.6,135,33.6
04-10-2025,REDHILLS,385067,159.6,135,24.6
05-10-2025,REDHILLS,385067,170.1,135,35.1
06-10-2025,REDHILLS,385067,161.0,135,26.0
07-10-2025,REDHILLS,385067,186.2,135,51.2
08-10-2025,REDHILLS,385067,156.2,135,21.2
09-10-2025,REDHILLS,385067,141.9,135,6.9
10-10-2025,REDHILLS,385067,151.9,135,16.9
11-10-2025,REDHILLS,385067,169.9,135,34.9
12-10-2025,REDHILLS,385067,129.4,135,0.0
13-10-2025,REDHILLS,385067,132.0,135,0.0
14-10-2025,REDHILLS,385067,138.8,135,3.8
15-10-2025,REDHILLS,385067,102.9,135,0.0
16-10-2025,REDHILLS,385067,147.8,135,12.8
17-10-2025,REDHILLS,385067,107.3,135,0.0
18-10-2025,REDHILLS,385067,146.1,135,11.1
19-10-2025,REDHILLS,385067,162.3,135,27.3
20-10-2025,REDHILLS,385067,135.5,135,0.5
21-10-2025,REDHILLS,385067,178.5,135,43.5
22-10-2025,REDHILLS,385067,115.8,135,0.0
23-10-2025,REDHILLS,385067,168.8,135,33.8
24-10-2025,REDHILLS,385067,158.5,135,23.5
25-10-2025,REDHILLS,385067,110.7,135,0.0
26-10-2025,REDHILLS,385067,199.2,135,64.2
27-10-2025,REDHILLS,385067,143.7,135,8.7
28-10-2025,REDHILLS,385067,127.5,135,0.0
29-10-2025,REDHILLS,385067,116.9,135,0.0
30-10-2025,REDHILLS,385067,140.6,135,5.6
31-10-2025,REDHILLS,385067,142.5,135,7.5
01-11-2025,REDHILLS,385067,147.1,135,12.1
02-11-2025,REDHILLS,385067,139.0,135,4.0
03-11-2025,REDHILLS,385067,157.7,135,22.7
04-11-2025,REDHILLS,385067,137.2,135,2.2
05-11-2025,REDHILLS,385067,106.3,135,0.0
06-11-2025,REDHILLS,385067,142.0,135,7.0
07-11-2025,REDHILLS,385067,97.7,135,0.0
08-11-2025,REDHILLS,385067,152.1,135,17.1
09-11-2025,REDHILLS,385067,125.4,135,0.0
10-11-2025,REDHILLS,385067,148.3,135,13.3
11-11-2025,REDHILLS,385067,171.3,135,36.3
12-11-2025,REDHILLS,385067,126.0,135,0.0
13-11-2025,REDHILLS,385067,166.2,135,31.2
14-11-2025,REDHILLS,385067,136.3,135,1.3
15-11-2025,REDHILLS,385067,180.1,135,45.1
16-11-2025,REDHILLS,385067,137.7,135,2.7
17-11-2025,REDHILLS,385067,128.2,135,0.0
18-11-2025,REDHILLS,385067,158.7,135,23.7
19-11-2025,REDHILLS,385067,136.3,135,1.3
20-11-2025,REDHILLS,385067,128.2,135,0.0
21-11-2025,REDHILLS,385067,135.4,135,0.4
22-11-2025,REDHILLS,385067,144.1,135,9.1
23-11-2025,REDHILLS,385067,171.8,135,36.8
24-11-2025,REDHILLS,385067,106.3,135,0.0
25-11-2025,REDHILLS,385067,145.5,135,10.5
26-11-2025,REDHILLS,385067,157.5,135,22.5
27-11-2025,REDHILLS,385067,148.9,135,13.9
28-11-2025,REDHILLS,385067,171.2,135,36.2
29-11-2025,REDHILLS,385067,143.5,135,8.5
30-11-2025,REDHILLS,385067,141.3,135,6.3
01-12-2025,REDHILLS,385067,156.8,135,21.8
02-12-2025,REDHILLS,385067,147.0,135,12.0
03-12-2025,REDHILLS,385067,137.2,135,2.2
04-12-2025,REDHILLS,385067,155.3,135,20.3
05-12-2025,REDHILLS,385067,131.9,135,0.0
06-12-2025,REDHILLS,385067,132.8,135,0.0
07-12-2025,REDHILLS,385067,134.4,135,0.0
08-12-2025,REDHILLS,385067,172.1,135,37.1
09-12-2025,REDHILLS,385067,80.6,135,0.0
10-12-2025,REDHILLS,385067,152.9,135,17.9
11-12-2025,REDHILLS,385067,145.7,135,10.7
12-12-2025,REDHILLS,385067,111.4,135,0.0
13-12-2025,REDHILLS,385067,151.2,135,16.2
14-12-2025,REDHILLS,385067,154.5,135,19.5
15-12-2025,REDHILLS,385067,156.8,135,21.8
16-12-2025,REDHILLS,385067,92.0,135,0.0
17-12-2025,REDHILLS,385067,172.3,135,37.3
18-12-2025,REDHILLS,385067,130.2,135,0.0
19-12-2025,REDHILLS,385067,158.7,135,23.7
20-12-2025,REDHILLS,385067,159.8,135,24.8
21-12-2025,REDHILLS,385067,127.5,135,0.0
22-12-2025,REDHILLS,385067,158.2,135,23.2
23-12-2025,REDHILLS,385067,137.3,135,2.3
24-12-2025,REDHILLS,385067,103.6,135,0.0
25-12-2025,REDHILLS,385067,168.4,135,33.4
26-12-2025,REDHILLS,385067,129.5,135,0.0
27-12-2025,REDHILLS,385067,127.9,135,0.0
28-12-2025,REDHILLS,385067,136.9,135,1.9
29-12-2025,REDHILLS,385067,150.4,135,15.4
30-12-2025,REDHILLS,385067,143.9,135,8.9
31-12-2025,REDHILLS,385067,156.0,135,21.0
01-01-2026,REDHILLS,385067,118.2,135,0.0
02-01-2026,REDHILLS,385067,130.2,135,0.0
03-01-2026,REDHILLS,385067,142.7,135,7.7
04-01-2026,REDHILLS,385067,183.0,135,48.0
05-01-2026,REDHILLS,385067,142.7,135,7.7
06-01-2026,REDHILLS,385067,166.7,135,31.7
07-01-2026,REDHILLS,385067,145.8,135,10.8
08-01-2026,REDHILLS,385067,135.3,135,0.3
09-01-2026,REDHILLS,385067,140.1,135,5.1
10-01-2026,REDHILLS,385067,141.6,135,6.6
11-01-2026,REDHILLS,385067,157.1,135,22.1
12-01-2026,REDHILLS,385067,172.5,135,37.5
13-01-2026,REDHILLS,385067,152.2,135,17.2
14-01-2026,REDHILLS,385067,168.7,135,33.7
15-01-2026,REDHILLS,385067,125.7,135,0.0
16-01-2026,REDHILLS,385067,136.7,135,1.7
17-01-2026,REDHILLS,385067,130.5,135,0.0
18-01-2026,REDHILLS,385067,151.3,135,16.3
19-01-2026,REDHILLS,385067,137.8,135,2.8
20-01-2026,REDHILLS,385067,159.6,135,24.6
21-01-2026,REDHILLS,385067,126.4,135,0.0
22-01-2026,REDHILLS,385067,145.9,135,10.9
23-01-2026,REDHILLS,385067,158.7,135,23.7
24-01-2026,REDHILLS,385067,103.7,135,0.0
25-01-2026,REDHILLS,385067,187.4,135,52.4
26-01-2026,REDHILLS,385067,139.3,135,4.3
27-01-2026,REDHILLS,385067,104.5,135,0.0
28-01-2026,REDHILLS,385067,148.2,135,13.2
29-01-2026,REDHILLS,385067,145.7,135,10.7
30-01-2026,REDHILLS,385067,143.4,135,8.4
31-01-2026,REDHILLS,385067,164.8,135,29.8
01-02-2026,REDHILLS,385067,159.9,135,24.9
02-02-2026,REDHILLS,385067,151.0,135,16.0
03-02-2026,REDHILLS,385067,154.0,135,19.0
04-02-2026,REDHILLS,385067,142.9,135,7.9
05-02-2026,REDHILLS,385067,180.5,135,45.5
06-02-2026,REDHILLS,385067,115.4,135,0.0
07-02-2026,REDHILLS,385067,147.8,135,12.8
08-02-2026,REDHILLS,385067,146.3,135,11.3
09-02-2026,REDHILLS,385067,161.3,135,26.3
10-02-2026,REDHILLS,385067,128.1,135,0.0
11-02-2026,REDHILLS,385067,110.1,135,0.0
12-02-2026,REDHILLS,385067,148.1,135,13.1
13-02-2026,REDHILLS,385067,150.6,135,15.6
14-02-2026,REDHILLS,385067,174.8,135,39.8
15-02-2026,REDHILLS,385067,119.6,135,0.0
16-02-2026,REDHILLS,385067,168.1,135,33.1
17-02-2026,REDHILLS,385067,192.3,135,57.3
18-02-2026,REDHILLS,385067,137.4,135,2.4
19-02-2026,REDHILLS,385067,119.2,135,0.0
20-02-2026,REDHILLS,385067,136.9,135,1.9
21-02-2026,REDHILLS,385067,145.3,135,10.3
22-02-2026,REDHILLS,385067,156.3,135,21.3
23-02-2026,REDHILLS,385067,133.2,135,0.0
24-02-2026,REDHILLS,385067,176.1,135,41.1
25-02-2026,REDHILLS,385067,122.7,135,0.0
26-02-2026,REDHILLS,385067,110.2,135,0.0
27-02-2026,REDHILLS,385067,167.1,135,32.1
28-02-2026,REDHILLS,385067,99.5,135,0.0
01-03-2026,REDHILLS,385067,140.9,135,5.9
02-03-2026,REDHILLS,385067,207.4,135,72.4
03-03-2026,REDHILLS,385067,144.8,135,9.8
04-03-2026,REDHILLS,385067,122.6,135,0.0
05-03-2026,REDHILLS,385067,143.9,135,8.9
06-03-2026,REDHILLS,385067,144.0,135,9.0
07-03-2026,REDHILLS,385067,148.2,135,13.2
08-03-2026,REDHILLS,385067,158.2,135,23.2
09-03-2026,REDHILLS,385067,124.2,135,0.0
10-03-2026,REDHILLS,385067,178.8,135,43.8
11-03-2026,REDHILLS,385067,149.9,135,14.9
12-03-2026,REDHILLS,385067,159.5,135,24.5
13-03-2026,REDHILLS,385067,132.4,135,0.0
14-03-2026,REDHILLS,385067,170.7,135,35.7
15-03-2026,REDHILLS,385067,139.9,135,4.9
16-03-2026,REDHILLS,385067,150.6,135,15.6
17-03-2026,REDHILLS,385067,126.3,135,0.0
18-03-2026,REDHILLS,385067,125.1,135,0.0
19-03-2026,REDHILLS,385067,158.8,135,23.8
20-03-2026,REDHILLS,385067,136.1,135,1.1
21-03-2026,REDHILLS,385067,127.9,135,0.0
22-03-2026,REDHILLS,385067,132.1,135,0.0
23-03-2026,REDHILLS,385067,159.0,135,24.0
24-03-2026,REDHILLS,385067,132.4,135,0.0
25-03-2026,REDHILLS,385067,142.6,135,7.6
26-03-2026,REDHILLS,385067,145.3,135,10.3
27-03-2026,REDHILLS,385067,106.7,135,0.0
28-03-2026,REDHILLS,385067,115.6,135,0.0
29-03-2026,REDHILLS,385067,151.7,135,16.7
30-03-2026,REDHILLS,385067,130.3,135,0.0
31-03-2026,REDHILLS,385067,166.1,135,31.1
01-04-2026,REDHILLS,385067,164.3,135,29.3
02-04-2026,REDHILLS,385067,159.4,135,24.4
03-04-2026,REDHILLS,385067,181.4,135,46.4
04-04-2026,REDHILLS,385067,143.3,135,8.3
05-04-2026,REDHILLS,385067,158.0,135,23.0
06-04-2026,REDHILLS,385067,133.3,135,0.0
07-04-2026,REDHILLS,385067,194.0,135,59.0
08-04-2026,REDHILLS,385067,184.7,135,49.7
09-04-2026,REDHILLS,385067,145.2,135,10.2
10-04-2026,REDHILLS,385067,152.7,135,17.7
11-04-2026,REDHILLS,385067,172.2,135,37.2
12-04-2026,REDHILLS,385067,142.1,135,7.1
13-04-2026,REDHILLS,385067,131.9,135,0.0
14-04-2026,REDHILLS,385067,162.5,135,27.5
15-04-2026,REDHILLS,385067,146.6,135,11.6
16-04-2026,REDHILLS,385067,148.7,135,13.7
17-04-2026,REDHILLS,385067,128.3,135,0.0
18-04-2026,REDHILLS,385067,110.6,135,0.0
19-04-2026,REDHILLS,385067,149.7,135,14.7
20-04-2026,REDHILLS,385067,163.1,135,28.1
21-04-2026,REDHILLS,385067,140.5,135,5.5
22-04-2026,REDHILLS,385067,173.7,135,38.7
23-04-2026,REDHILLS,385067,130.9,135,0.0
24-04-2026,REDHILLS,385067,123.9,135,0.0
25-04-2026,REDHILLS,385067,143.7,135,8.7
26-04-2026,REDHILLS,385067,143.3,135,8.3
27-04-2026,REDHILLS,385067,160.4,135,25.4
28-04-2026,REDHILLS,385067,129.5,135,0.0
29-04-2026,REDHILLS,385067,172.4,135,37.4
30-04-2026,REDHILLS,385067,184.3,135,49.3
01-05-2026,REDHILLS,385067,144.2,135,9.2
02-05-2026,REDHILLS,385067,170.0,135,35.0
03-05-2026,REDHILLS,385067,123.9,135,0.0
04-05-2026,REDHILLS,385067,166.5,135,31.5
05-05-2026,REDHILLS,385067,165.9,135,30.9
06-05-2026,REDHILLS,385067,162.3,135,27.3
07-05-2026,REDHILLS,385067,144.7,135,9.7
08-05-2026,REDHILLS,385067,85.9,135,0.0
09-05-2026,REDHILLS,385067,132.2,135,0.0
10-05-2026,REDHILLS,385067,132.5,135,0.0
11-05-2026,REDHILLS,385067,125.4,135,0.0
12-05-2026,REDHILLS,385067,147.4,135,12.4
13-05-2026,REDHILLS,385067,136.6,135,1.6
14-05-2026,REDHILLS,385067,128.5,135,0.0
15-05-2026,REDHILLS,385067,123.8,135,0.0
16-05-2026,REDHILLS,385067,130.7,135,0.0
17-05-2026,REDHILLS,385067,167.4,135,32.4
18-05-2026,REDHILLS,385067,131.8,135,0.0
19-05-2026,REDHILLS,385067,134.7,135,0.0
20-05-2026,REDHILLS,385067,135.9,135,0.9
21-05-2026,REDHILLS,385067,151.8,135,16.8
22-05-2026,REDHILLS,385067,154.1,135,19.1
23-05-2026,REDHILLS,385067,84.1,135,0.0
24-05-2026,REDHILLS,385067,165.4,135,30.4
25-05-2026,REDHILLS,385067,173.7,135,38.7
26-05-2026,REDHILLS,385067,124.0,135,0.0
27-05-2026,REDHILLS,385067,125.6,135,0.0
28-05-2026,REDHILLS,385067,136.0,135,1.0
29-05-2026,REDHILLS,385067,129.9,135,0.0
30-05-2026,REDHILLS,385067,149.5,135,14.5
31-05-2026,REDHILLS,385067,106.1,135,0.0
01-06-2026,REDHILLS,385067,122.6,135,0.0
02-06-2026,REDHILLS,385067,175.8,135,40.8
03-06-2026,REDHILLS,385067,126.4,135,0.0
04-06-2026,REDHILLS,385067,169.9,135,34.9
05-06-2026,REDHILLS,385067,152.1,135,17.1
06-06-2026,REDHILLS,385067,108.8,135,0.0
07-06-2026,REDHILLS,385067,157.7,135,22.7
08-06-2026,REDHILLS,385067,142.6,135,7.6
09-06-2026,REDHILLS,385067,135.9,135,0.9
10-06-2026,REDHILLS,385067,149.9,135,14.9
11-06-2026,REDHILLS,385067,154.5,135,19.5
12-06-2026,REDHILLS,385067,159.2,135,24.2
13-06-2026,REDHILLS,385067,168.6,135,33.6
14-06-2026,REDHILLS,385067,153.2,135,18.2
15-06-2026,REDHILLS,385067,117.5,135,0.0
16-06-2026,REDHILLS,385067,135.5,135,0.5
17-06-2026,REDHILLS,385067,203.9,135,68.9
18-06-2026,REDHILLS,385067,159.5,135,24.5
19-06-2026,REDHILLS,385067,192.4,135,57.4
20-06-2026,REDHILLS,385067,172.9,135,37.9
21-06-2026,REDHILLS,385067,149.8,135,14.8
22-06-2026,REDHILLS,385067,151.0,135,16.0
23-06-2026,REDHILLS,385067,144.3,135,9.3
24-06-2026,REDHILLS,385067,110.2,135,0.0
25-06-2026,REDHILLS,385067,145.4,135,10.4
26-06-2026,REDHILLS,385067,169.2,135,34.2
27-06-2026,REDHILLS,385067,133.0,135,0.0
28-06-2026,REDHILLS,385067,153.2,135,18.2
29-06-2026,REDHILLS,385067,162.0,135,27.0
30-06-2026,REDHILLS,385067,126.8,135,0.0
01-07-2026,REDHILLS,385067,136.0,135,1.0
02-07-2026,REDHILLS,385067,124.6,135,0.0
03-07-2026,REDHILLS,385067,128.6,135,0.0
04-07-2026,REDHILLS,385067,119.2,135,0.0
05-07-2026,REDHILLS,385067,127.0,135,0.0
06-07-2026,REDHILLS,385067,173.4,135,38.4
07-07-2026,REDHILLS,385067,126.7,135,0.0
08-07-2026,REDHILLS,385067,147.5,135,12.5
09-07-2026,REDHILLS,385067,134.9,135,0.0
10-07-2026,REDHILLS,385067,168.6,135,33.6
11-07-2026,REDHILLS,385067,171.2,135,36.2
12-07-2026,REDHILLS,385067,162.3,135,27.3
13-07-2026,REDHILLS,385067,151.1,135,16.1
14-07-2026,REDHILLS,385067,140.4,135,5.4
15-07-2026,REDHILLS,385067,121.2,135,0.0
16-07-2026,REDHILLS,385067,183.9,135,48.9
17-07-2026,REDHILLS,385067,129.8,135,0.0
18-07-2026,REDHILLS,385067,158.3,135,23.3
19-07-2026,REDHILLS,385067,166.2,135,31.2
20-07-2026,REDHILLS,385067,133.9,135,0.0
21-07-2026,REDHILLS,385067,165.8,135,30.8
22-07-2026,REDHILLS,385067,160.3,135,25.3
23-07-2026,REDHILLS,385067,179.6,135,44.6
24-07-2026,REDHILLS,385067,135.6,135,0.6
25-07-2026,REDHILLS,385067,119.3,135,0.0
26-07-2026,REDHILLS,385067,134.9,135,0.0
27-07-2026,REDHILLS,385067,149.2,135,14.2
28-07-2026,REDHILLS,385067,146.2,135,11.2
29-07-2026,REDHILLS,385067,137.1,135,2.1
30-07-2026,REDHILLS,385067,106.8,135,0.0
31-07-2026,REDHILLS,385067,154.4,135,19.4
01-08-2026,REDHILLS,385067,184.4,135,49.4
02-08-2026,REDHILLS,385067,154.3,135,19.3
03-08-2026,REDHILLS,385067,157.2,135,22.2
04-08-2026,REDHILLS,385067,156.4,135,21.4
05-08-2026,REDHILLS,385067,152.9,135,17.9
06-08-2026,REDHILLS,385067,163.6,135,28.6
07-08-2026,REDHILLS,385067,152.9,135,17.9
08-08-2026,REDHILLS,385067,138.7,135,3.7
09-08-2026,REDHILLS,385067,129.1,135,0.0
10-08-2026,REDHILLS,385067,140.0,135,5.0
11-08-2026,REDHILLS,385067,151.3,135,16.3
12-08-2026,REDHILLS,385067,138.7,135,3.7
13-08-2026,REDHILLS,385067,151.3,135,16.3
14-08-2026,REDHILLS,385067,153.8,135,18.8
15-08-2026,REDHILLS,385067,161.7,135,26.7
16-08-2026,REDHILLS,385067,170.7,135,35.7
17-08-2026,REDHILLS,385067,146.6,135,11.6
18-08-2026,REDHILLS,385067,118.8,135,0.0
19-08-2026,REDHILLS,385067,138.1,135,3.1
20-08-2026,REDHILLS,385067,145.9,135,10.9
21-08-2026,REDHILLS,385067,108.3,135,0.0
22-08-2026,REDHILLS,385067,172.8,135,37.8
23-08-2026,REDHILLS,385067,147.8,135,12.8
24-08-2026,REDHILLS,385067,152.6,135,17.6
25-08-2026,REDHILLS,385067,172.3,135,37.3
26-08-2026,REDHILLS,385067,132.4,135,0.0
27-08-2026,REDHILLS,385067,156.5,135,21.5
28-08-2026,REDHILLS,385067,142.8,135,7.8
29-08-2026,REDHILLS,385067,141.3,135,6.3
30-08-2026,REDHILLS,385067,129.6,135,0.0
31-08-2026,REDHILLS,385067,178.3,135,43.3
01-09-2026,REDHILLS,385067,137.5,135,2.5
02-09-2026,REDHILLS,385067,159.0,135,24.0
03-09-2026,REDHILLS,385067,107.5,135,0.0
04-09-2026,REDHILLS,385067,168.6,135,33.6
05-09-2026,REDHILLS,385067,166.0,135,31.0
06-09-2026,REDHILLS,385067,146.9,135,11.9
07-09-2026,REDHILLS,385067,140.5,135,5.5
08-09-2026,REDHILLS,385067,153.0,135,18.0
09-09-2026,REDHILLS,385067,190.8,135,55.8
10-09-2026,REDHILLS,385067,109.7,135,0.0
11-09-2026,REDHILLS,385067,160.6,135,25.6
12-09-2026,REDHILLS,385067,126.8,135,0.0
13-09-2026,REDHILLS,385067,144.6,135,9.6
14-09-2026,REDHILLS,385067,140.0,135,5.0
15-09-2026,REDHILLS,385067,136.4,135,1.4
16-09-2026,REDHILLS,385067,144.8,135,9.8
17-09-2024,CHEMBARAMBAKKAM,312217,152.5,135,17.5
18-09-2024,CHEMBARAMBAKKAM,312217,137.9,135,2.9
19-09-2024,CHEMBARAMBAKKAM,312217,139.8,135,4.8
20-09-2024,CHEMBARAMBAKKAM,312217,142.6,135,7.6
21-09-2024,CHEMBARAMBAKKAM,312217,129.2,135,0.0
22-09-2024,CHEMBARAMBAKKAM,312217,148.7,135,13.7
23-09-2024,CHEMBARAMBAKKAM,312217,140.0,135,5.0
24-09-2024,CHEMBARAMBAKKAM,312217,147.2,135,12.2
25-09-2024,CHEMBARAMBAKKAM,312217,141.9,135,6.9
26-09-2024,CHEMBARAMBAKKAM,312217,137.9,135,2.9
27-09-2024,CHEMBARAMBAKKAM,312217,150.6,135,15.6
28-09-2024,CHEMBARAMBAKKAM,312217,160.6,135,25.6
29-09-2024,CHEMBARAMBAKKAM,312217,134.5,135,0.0
30-09-2024,CHEMBARAMBAKKAM,312217,152.9,135,17.9
01-10-2024,CHEMBARAMBAKKAM,312217,155.4,135,20.4
02-10-2024,CHEMBARAMBAKKAM,312217,119.3,135,0.0
03-10-2024,CHEMBARAMBAKKAM,312217,164.5,135,29.5
04-10-2024,CHEMBARAMBAKKAM,312217,186.1,135,51.1
05-10-2024,CHEMBARAMBAKKAM,312217,143.2,135,8.2
06-10-2024,CHEMBARAMBAKKAM,312217,141.6,135,6.6
07-10-2024,CHEMBARAMBAKKAM,312217,140.7,135,5.7
08-10-2024,CHEMBARAMBAKKAM,312217,157.4,135,22.4
09-10-2024,CHEMBARAMBAKKAM,312217,155.2,135,20.2
10-10-2024,CHEMBARAMBAKKAM,312217,113.2,135,0.0
11-10-2024,CHEMBARAMBAKKAM,312217,127.7,135,0.0
12-10-2024,CHEMBARAMBAKKAM,312217,155.1,135,20.1
13-10-2024,CHEMBARAMBAKKAM,312217,142.1,135,7.1
14-10-2024,CHEMBARAMBAKKAM,312217,121.7,135,0.0
15-10-2024,CHEMBARAMBAKKAM,312217,175.0,135,40.0
16-10-2024,CHEMBARAMBAKKAM,312217,129.0,135,0.0
17-10-2024,CHEMBARAMBAKKAM,312217,145.7,135,10.7
18-10-2024,CHEMBARAMBAKKAM,312217,141.6,135,6.6
19-10-2024,CHEMBARAMBAKKAM,312217,123.4,135,0.0
20-10-2024,CHEMBARAMBAKKAM,312217,148.7,135,13.7
21-10-2024,CHEMBARAMBAKKAM,312217,152.8,135,17.8
22-10-2024,CHEMBARAMBAKKAM,312217,135.6,135,0.6
23-10-2024,CHEMBARAMBAKKAM,312217,138.3,135,3.3
24-10-2024,CHEMBARAMBAKKAM,312217,157.0,135,22.0
25-10-2024,CHEMBARAMBAKKAM,312217,105.5,135,0.0
26-10-2024,CHEMBARAMBAKKAM,312217,128.1,135,0.0
27-10-2024,CHEMBARAMBAKKAM,312217,149.3,135,14.3
28-10-2024,CHEMBARAMBAKKAM,312217,134.5,135,0.0
29-10-2024,CHEMBARAMBAKKAM,312217,134.2,135,0.0
30-10-2024,CHEMBARAMBAKKAM,312217,163.0,135,28.0
31-10-2024,CHEMBARAMBAKKAM,312217,132.3,135,0.0
01-11-2024,CHEMBARAMBAKKAM,312217,184.6,135,49.6
02-11-2024,CHEMBARAMBAKKAM,312217,109.9,135,0.0
03-11-2024,CHEMBARAMBAKKAM,312217,100.8,135,0.0
04-11-2024,CHEMBARAMBAKKAM,312217,162.6,135,27.6
05-11-2024,CHEMBARAMBAKKAM,312217,125.3,135,0.0
06-11-2024,CHEMBARAMBAKKAM,312217,125.7,135,0.0
07-11-2024,CHEMBARAMBAKKAM,312217,164.7,135,29.7
08-11-2024,CHEMBARAMBAKKAM,312217,135.1,135,0.1
09-11-2024,CHEMBARAMBAKKAM,312217,163.2,135,28.2
10-11-2024,CHEMBARAMBAKKAM,312217,132.8,135,0.0
11-11-2024,CHEMBARAMBAKKAM,312217,152.3,135,17.3
12-11-2024,CHEMBARAMBAKKAM,312217,134.8,135,0.0
13-11-2024,CHEMBARAMBAKKAM,312217,126.6,135,0.0
14-11-2024,CHEMBARAMBAKKAM,312217,179.6,135,44.6
15-11-2024,CHEMBARAMBAKKAM,312217,167.3,135,32.3
16-11-2024,CHEMBARAMBAKKAM,312217,130.5,135,0.0
17-11-2024,CHEMBARAMBAKKAM,312217,141.4,135,6.4
18-11-2024,CHEMBARAMBAKKAM,312217,174.5,135,39.5
19-11-2024,CHEMBARAMBAKKAM,312217,125.2,135,0.0
20-11-2024,CHEMBARAMBAKKAM,312217,126.3,135,0.0
21-11-2024,CHEMBARAMBAKKAM,312217,154.4,135,19.4
22-11-2024,CHEMBARAMBAKKAM,312217,190.4,135,55.4
23-11-2024,CHEMBARAMBAKKAM,312217,146.1,135,11.1
24-11-2024,CHEMBARAMBAKKAM,312217,166.0,135,31.0
25-11-2024,CHEMBARAMBAKKAM,312217,124.7,135,0.0
26-11-2024,CHEMBARAMBAKKAM,312217,152.2,135,17.2
27-11-2024,CHEMBARAMBAKKAM,312217,137.8,135,2.8
28-11-2024,CHEMBARAMBAKKAM,312217,182.3,135,47.3
29-11-2024,CHEMBARAMBAKKAM,312217,177.0,135,42.0
30-11-2024,CHEMBARAMBAKKAM,312217,190.6,135,55.6
01-12-2024,CHEMBARAMBAKKAM,312217,131.1,135,0.0
02-12-2024,CHEMBARAMBAKKAM,312217,145.7,135,10.7
03-12-2024,CHEMBARAMBAKKAM,312217,152.5,135,17.5
04-12-2024,CHEMBARAMBAKKAM,312217,131.9,135,0.0
05-12-2024,CHEMBARAMBAKKAM,312217,147.6,135,12.6
06-12-2024,CHEMBARAMBAKKAM,312217,163.2,135,28.2
07-12-2024,CHEMBARAMBAKKAM,312217,134.0,135,0.0
08-12-2024,CHEMBARAMBAKKAM,312217,130.9,135,0.0
09-12-2024,CHEMBARAMBAKKAM,312217,129.6,135,0.0
10-12-2024,CHEMBARAMBAKKAM,312217,118.1,135,0.0
11-12-2024,CHEMBARAMBAKKAM,312217,162.1,135,27.1
12-12-2024,CHEMBARAMBAKKAM,312217,130.9,135,0.0
13-12-2024,CHEMBARAMBAKKAM,312217,128.8,135,0.0
14-12-2024,CHEMBARAMBAKKAM,312217,155.6,135,20.6
15-12-2024,CHEMBARAMBAKKAM,312217,144.8,135,9.8
16-12-2024,CHEMBARAMBAKKAM,312217,134.5,135,0.0
17-12-2024,CHEMBARAMBAKKAM,312217,161.2,135,26.2
18-12-2024,CHEMBARAMBAKKAM,312217,133.7,135,0.0
19-12-2024,CHEMBARAMBAKKAM,312217,101.5,135,0.0
20-12-2024,CHEMBARAMBAKKAM,312217,171.7,135,36.7
21-12-2024,CHEMBARAMBAKKAM,312217,128.4,135,0.0
22-12-2024,CHEMBARAMBAKKAM,312217,130.6,135,0.0
23-12-2024,CHEMBARAMBAKKAM,312217,130.7,135,0.0
24-12-2024,CHEMBARAMBAKKAM,312217,146.2,135,11.2
25-12-2024,CHEMBARAMBAKKAM,312217,139.5,135,4.5
26-12-2024,CHEMBARAMBAKKAM,312217,164.8,135,29.8
27-12-2024,CHEMBARAMBAKKAM,312217,177.9,135,42.9
28-12-2024,CHEMBARAMBAKKAM,312217,131.4,135,0.0
29-12-2024,CHEMBARAMBAKKAM,312217,126.2,135,0.0
30-12-2024,CHEMBARAMBAKKAM,312217,134.6,135,0.0
31-12-2024,CHEMBARAMBAKKAM,312217,153.8,135,18.8
01-01-2025,CHEMBARAMBAKKAM,312217,142.7,135,7.7
02-01-2025,CHEMBARAMBAKKAM,312217,135.0,135,0.0
03-01-2025,CHEMBARAMBAKKAM,312217,119.1,135,0.0
04-01-2025,CHEMBARAMBAKKAM,312217,100.8,135,0.0
05-01-2025,CHEMBARAMBAKKAM,312217,124.9,135,0.0
06-01-2025,CHEMBARAMBAKKAM,312217,170.3,135,35.3
07-01-2025,CHEMBARAMBAKKAM,312217,153.7,135,18.7
08-01-2025,CHEMBARAMBAKKAM,312217,141.2,135,6.2
09-01-2025,CHEMBARAMBAKKAM,312217,159.6,135,24.6
10-01-2025,CHEMBARAMBAKKAM,312217,119.2,135,0.0
11-01-2025,CHEMBARAMBAKKAM,312217,146.1,135,11.1
12-01-2025,CHEMBARAMBAKKAM,312217,109.3,135,0.0
13-01-2025,CHEMBARAMBAKKAM,312217,151.9,135,16.9
14-01-2025,CHEMBARAMBAKKAM,312217,150.2,135,15.2
15-01-2025,CHEMBARAMBAKKAM,312217,150.7,135,15.7
16-01-2025,CHEMBARAMBAKKAM,312217,168.4,135,33.4
17-01-2025,CHEMBARAMBAKKAM,312217,160.5,135,25.5
18-01-2025,CHEMBARAMBAKKAM,312217,120.8,135,0.0
19-01-2025,CHEMBARAMBAKKAM,312217,168.7,135,33.7
20-01-2025,CHEMBARAMBAKKAM,312217,140.8,135,5.8
21-01-2025,CHEMBARAMBAKKAM,312217,105.6,135,0.0
22-01-2025,CHEMBARAMBAKKAM,312217,142.8,135,7.8
23-01-2025,CHEMBARAMBAKKAM,312217,157.9,135,22.9
24-01-2025,CHEMBARAMBAKKAM,312217,124.7,135,0.0
25-01-2025,CHEMBARAMBAKKAM,312217,171.7,135,36.7
26-01-2025,CHEMBARAMBAKKAM,312217,126.5,135,0.0
27-01-2025,CHEMBARAMBAKKAM,312217,135.4,135,0.4
28-01-2025,CHEMBARAMBAKKAM,312217,131.7,135,0.0
29-01-2025,CHEMBARAMBAKKAM,312217,110.8,135,0.0
30-01-2025,CHEMBARAMBAKKAM,312217,125.1,135,0.0
31-01-2025,CHEMBARAMBAKKAM,312217,130.8,135,0.0
01-02-2025,CHEMBARAMBAKKAM,312217,142.4,135,7.4
02-02-2025,CHEMBARAMBAKKAM,312217,85.0,135,0.0
03-02-2025,CHEMBARAMBAKKAM,312217,159.3,135,24.3
04-02-2025,CHEMBARAMBAKKAM,312217,159.1,135,24.1
05-02-2025,CHEMBARAMBAKKAM,312217,168.6,135,33.6
06-02-2025,CHEMBARAMBAKKAM,312217,115.2,135,0.0
07-02-2025,CHEMBARAMBAKKAM,312217,139.1,135,4.1
08-02-2025,CHEMBARAMBAKKAM,312217,163.8,135,28.8
09-02-2025,CHEMBARAMBAKKAM,312217,165.5,135,30.5
10-02-2025,CHEMBARAMBAKKAM,312217,174.6,135,39.6
11-02-2025,CHEMBARAMBAKKAM,312217,147.1,135,12.1
12-02-2025,CHEMBARAMBAKKAM,312217,143.9,135,8.9
13-02-2025,CHEMBARAMBAKKAM,312217,113.8,135,0.0
14-02-2025,CHEMBARAMBAKKAM,312217,166.3,135,31.3
15-02-2025,CHEMBARAMBAKKAM,312217,135.8,135,0.8
16-02-2025,CHEMBARAMBAKKAM,312217,145.7,135,10.7
17-02-2025,CHEMBARAMBAKKAM,312217,144.3,135,9.3
18-02-2025,CHEMBARAMBAKKAM,312217,97.1,135,0.0
19-02-2025,CHEMBARAMBAKKAM,312217,128.8,135,0.0
20-02-2025,CHEMBARAMBAKKAM,312217,154.1,135,19.1
21-02-2025,CHEMBARAMBAKKAM,312217,144.0,135,9.0
22-02-2025,CHEMBARAMBAKKAM,312217,154.2,135,19.2
23-02-2025,CHEMBARAMBAKKAM,312217,160.7,135,25.7
24-02-2025,CHEMBARAMBAKKAM,312217,128.5,135,0.0
25-02-2025,CHEMBARAMBAKKAM,312217,134.7,135,0.0
26-02-2025,CHEMBARAMBAKKAM,312217,142.2,135,7.2
27-02-2025,CHEMBARAMBAKKAM,312217,160.5,135,25.5
28-02-2025,CHEMBARAMBAKKAM,312217,140.3,135,5.3
01-03-2025,CHEMBARAMBAKKAM,312217,109.4,135,0.0
02-03-2025,CHEMBARAMBAKKAM,312217,141.0,135,6.0
03-03-2025,CHEMBARAMBAKKAM,312217,159.7,135,24.7
04-03-2025,CHEMBARAMBAKKAM,312217,172.1,135,37.1
05-03-2025,CHEMBARAMBAKKAM,312217,150.6,135,15.6
06-03-2025,CHEMBARAMBAKKAM,312217,115.3,135,0.0
07-03-2025,CHEMBARAMBAKKAM,312217,136.9,135,1.9
08-03-2025,CHEMBARAMBAKKAM,312217,154.5,135,19.5
09-03-2025,CHEMBARAMBAKKAM,312217,162.3,135,27.3
10-03-2025,CHEMBARAMBAKKAM,312217,155.1,135,20.1
11-03-2025,CHEMBARAMBAKKAM,312217,140.0,135,5.0
12-03-2025,CHEMBARAMBAKKAM,312217,162.2,135,27.2
13-03-2025,CHEMBARAMBAKKAM,312217,132.2,135,0.0
14-03-2025,CHEMBARAMBAKKAM,312217,148.7,135,13.7
15-03-2025,CHEMBARAMBAKKAM,312217,160.0,135,25.0
16-03-2025,CHEMBARAMBAKKAM,312217,156.5,135,21.5
17-03-2025,CHEMBARAMBAKKAM,312217,157.0,135,22.0
18-03-2025,CHEMBARAMBAKKAM,312217,156.5,135,21.5
19-03-2025,CHEMBARAMBAKKAM,312217,124.0,135,0.0
20-03-2025,CHEMBARAMBAKKAM,312217,145.4,135,10.4
21-03-2025,CHEMBARAMBAKKAM,312217,126.8,135,0.0
22-03-2025,CHEMBARAMBAKKAM,312217,139.2,135,4.2
23-03-2025,CHEMBARAMBAKKAM,312217,121.6,135,0.0
24-03-2025,CHEMBARAMBAKKAM,312217,151.9,135,16.9
25-03-2025,CHEMBARAMBAKKAM,312217,105.7,135,0.0
26-03-2025,CHEMBARAMBAKKAM,312217,157.3,135,22.3
27-03-2025,CHEMBARAMBAKKAM,312217,145.3,135,10.3
28-03-2025,CHEMBARAMBAKKAM,312217,183.0,135,48.0
29-03-2025,CHEMBARAMBAKKAM,312217,140.9,135,5.9
30-03-2025,CHEMBARAMBAKKAM,312217,140.9,135,5.9
31-03-2025,CHEMBARAMBAKKAM,312217,158.7,135,23.7
01-04-2025,CHEMBARAMBAKKAM,312217,142.1,135,7.1
02-04-2025,CHEMBARAMBAKKAM,312217,150.5,135,15.5
03-04-2025,CHEMBARAMBAKKAM,312217,164.9,135,29.9
04-04-2025,CHEMBARAMBAKKAM,312217,139.6,135,4.6
05-04-2025,CHEMBARAMBAKKAM,312217,168.9,135,33.9
06-04-2025,CHEMBARAMBAKKAM,312217,111.4,135,0.0
07-04-2025,CHEMBARAMBAKKAM,312217,177.1,135,42.1
08-04-2025,CHEMBARAMBAKKAM,312217,109.2,135,0.0
09-04-2025,CHEMBARAMBAKKAM,312217,172.0,135,37.0
10-04-2025,CHEMBARAMBAKKAM,312217,107.7,135,0.0
11-04-2025,CHEMBARAMBAKKAM,312217,184.6,135,49.6
12-04-2025,CHEMBARAMBAKKAM,312217,148.2,135,13.2
13-04-2025,CHEMBARAMBAKKAM,312217,126.1,135,0.0
14-04-2025,CHEMBARAMBAKKAM,312217,182.3,135,47.3
15-04-2025,CHEMBARAMBAKKAM,312217,123.2,135,0.0
16-04-2025,CHEMBARAMBAKKAM,312217,140.5,135,5.5
17-04-2025,CHEMBARAMBAKKAM,312217,197.1,135,62.1
18-04-2025,CHEMBARAMBAKKAM,312217,152.9,135,17.9
19-04-2025,CHEMBARAMBAKKAM,312217,104.5,135,0.0
20-04-2025,CHEMBARAMBAKKAM,312217,139.5,135,4.5
21-04-2025,CHEMBARAMBAKKAM,312217,137.8,135,2.8
22-04-2025,CHEMBARAMBAKKAM,312217,148.8,135,13.8
23-04-2025,CHEMBARAMBAKKAM,312217,144.1,135,9.1
24-04-2025,CHEMBARAMBAKKAM,312217,155.9,135,20.9
25-04-2025,CHEMBARAMBAKKAM,312217,114.4,135,0.0
26-04-2025,CHEMBARAMBAKKAM,312217,134.0,135,0.0
27-04-2025,CHEMBARAMBAKKAM,312217,151.2,135,16.2
28-04-2025,CHEMBARAMBAKKAM,312217,129.8,135,0.0
29-04-2025,CHEMBARAMBAKKAM,312217,166.9,135,31.9
30-04-2025,CHEMBARAMBAKKAM,312217,130.2,135,0.0
01-05-2025,CHEMBARAMBAKKAM,312217,147.9,135,12.9
02-05-2025,CHEMBARAMBAKKAM,312217,142.9,135,7.9
03-05-2025,CHEMBARAMBAKKAM,312217,124.7,135,0.0
04-05-2025,CHEMBARAMBAKKAM,312217,146.2,135,11.2
05-05-2025,CHEMBARAMBAKKAM,312217,118.8,135,0.0
06-05-2025,CHEMBARAMBAKKAM,312217,136.1,135,1.1
07-05-2025,CHEMBARAMBAKKAM,312217,145.6,135,10.6
08-05-2025,CHEMBARAMBAKKAM,312217,116.5,135,0.0
09-05-2025,CHEMBARAMBAKKAM,312217,157.5,135,22.5
10-05-2025,CHEMBARAMBAKKAM,312217,150.2,135,15.2
11-05-2025,CHEMBARAMBAKKAM,312217,155.6,135,20.6
12-05-2025,CHEMBARAMBAKKAM,312217,145.0,135,10.0
13-05-2025,CHEMBARAMBAKKAM,312217,122.0,135,0.0
14-05-2025,CHEMBARAMBAKKAM,312217,145.0,135,10.0
15-05-2025,CHEMBARAMBAKKAM,312217,157.5,135,22.5
16-05-2025,CHEMBARAMBAKKAM,312217,121.2,135,0.0
17-05-2025,CHEMBARAMBAKKAM,312217,122.8,135,0.0
18-05-2025,CHEMBARAMBAKKAM,312217,140.1,135,5.1
19-05-2025,CHEMBARAMBAKKAM,312217,137.6,135,2.6
20-05-2025,CHEMBARAMBAKKAM,312217,144.7,135,9.7
21-05-2025,CHEMBARAMBAKKAM,312217,139.2,135,4.2
22-05-2025,CHEMBARAMBAKKAM,312217,148.2,135,13.2
23-05-2025,CHEMBARAMBAKKAM,312217,169.4,135,34.4
24-05-2025,CHEMBARAMBAKKAM,312217,155.8,135,20.8
25-05-2025,CHEMBARAMBAKKAM,312217,146.1,135,11.1
26-05-2025,CHEMBARAMBAKKAM,312217,122.9,135,0.0
27-05-2025,CHEMBARAMBAKKAM,312217,130.6,135,0.0
28-05-2025,CHEMBARAMBAKKAM,312217,161.8,135,26.8
29-05-2025,CHEMBARAMBAKKAM,312217,135.6,135,0.6
30-05-2025,CHEMBARAMBAKKAM,312217,125.6,135,0.0
31-05-2025,CHEMBARAMBAKKAM,312217,187.0,135,52.0
01-06-2025,CHEMBARAMBAKKAM,312217,175.5,135,40.5
02-06-2025,CHEMBARAMBAKKAM,312217,142.5,135,7.5
03-06-2025,CHEMBARAMBAKKAM,312217,123.3,135,0.0
04-06-2025,CHEMBARAMBAKKAM,312217,159.5,135,24.5
05-06-2025,CHEMBARAMBAKKAM,312217,135.2,135,0.2
06-06-2025,CHEMBARAMBAKKAM,312217,162.8,135,27.8
07-06-2025,CHEMBARAMBAKKAM,312217,135.2,135,0.2
08-06-2025,CHEMBARAMBAKKAM,312217,177.9,135,42.9
09-06-2025,CHEMBARAMBAKKAM,312217,134.6,135,0.0
10-06-2025,CHEMBARAMBAKKAM,312217,192.3,135,57.3
11-06-2025,CHEMBARAMBAKKAM,312217,148.9,135,13.9
12-06-2025,CHEMBARAMBAKKAM,312217,172.7,135,37.7
13-06-2025,CHEMBARAMBAKKAM,312217,134.2,135,0.0
14-06-2025,CHEMBARAMBAKKAM,312217,118.8,135,0.0
15-06-2025,CHEMBARAMBAKKAM,312217,98.9,135,0.0
16-06-2025,CHEMBARAMBAKKAM,312217,170.5,135,35.5
17-06-2025,CHEMBARAMBAKKAM,312217,146.4,135,11.4
18-06-2025,CHEMBARAMBAKKAM,312217,120.0,135,0.0
19-06-2025,CHEMBARAMBAKKAM,312217,171.4,135,36.4
20-06-2025,CHEMBARAMBAKKAM,312217,168.1,135,33.1
21-06-2025,CHEMBARAMBAKKAM,312217,172.6,135,37.6
22-06-2025,CHEMBARAMBAKKAM,312217,118.2,135,0.0
23-06-2025,CHEMBARAMBAKKAM,312217,169.9,135,34.9
24-06-2025,CHEMBARAMBAKKAM,312217,152.7,135,17.7
25-06-2025,CHEMBARAMBAKKAM,312217,173.6,135,38.6
26-06-2025,CHEMBARAMBAKKAM,312217,155.9,135,20.9
27-06-2025,CHEMBARAMBAKKAM,312217,148.5,135,13.5
28-06-2025,CHEMBARAMBAKKAM,312217,170.2,135,35.2
29-06-2025,CHEMBARAMBAKKAM,312217,162.0,135,27.0
30-06-2025,CHEMBARAMBAKKAM,312217,166.6,135,31.6
01-07-2025,CHEMBARAMBAKKAM,312217,135.2,135,0.2
02-07-2025,CHEMBARAMBAKKAM,312217,141.6,135,6.6
03-07-2025,CHEMBARAMBAKKAM,312217,110.3,135,0.0
04-07-2025,CHEMBARAMBAKKAM,312217,133.8,135,0.0
05-07-2025,CHEMBARAMBAKKAM,312217,160.8,135,25.8
06-07-2025,CHEMBARAMBAKKAM,312217,156.3,135,21.3
07-07-2025,CHEMBARAMBAKKAM,312217,125.4,135,0.0
08-07-2025,CHEMBARAMBAKKAM,312217,170.6,135,35.6
09-07-2025,CHEMBARAMBAKKAM,312217,204.5,135,69.5
10-07-2025,CHEMBARAMBAKKAM,312217,126.9,135,0.0
11-07-2025,CHEMBARAMBAKKAM,312217,140.9,135,5.9
12-07-2025,CHEMBARAMBAKKAM,312217,132.6,135,0.0
13-07-2025,CHEMBARAMBAKKAM,312217,143.1,135,8.1
14-07-2025,CHEMBARAMBAKKAM,312217,150.5,135,15.5
15-07-2025,CHEMBARAMBAKKAM,312217,131.1,135,0.0
16-07-2025,CHEMBARAMBAKKAM,312217,139.5,135,4.5
17-07-2025,CHEMBARAMBAKKAM,312217,146.7,135,11.7
18-07-2025,CHEMBARAMBAKKAM,312217,154.4,135,19.4
19-07-2025,CHEMBARAMBAKKAM,312217,174.3,135,39.3
20-07-2025,CHEMBARAMBAKKAM,312217,144.7,135,9.7
21-07-2025,CHEMBARAMBAKKAM,312217,133.8,135,0.0
22-07-2025,CHEMBARAMBAKKAM,312217,158.9,135,23.9
23-07-2025,CHEMBARAMBAKKAM,312217,153.0,135,18.0
24-07-2025,CHEMBARAMBAKKAM,312217,141.1,135,6.1
25-07-2025,CHEMBARAMBAKKAM,312217,154.7,135,19.7
26-07-2025,CHEMBARAMBAKKAM,312217,137.3,135,2.3
27-07-2025,CHEMBARAMBAKKAM,312217,134.4,135,0.0
28-07-2025,CHEMBARAMBAKKAM,312217,107.0,135,0.0
29-07-2025,CHEMBARAMBAKKAM,312217,138.4,135,3.4
30-07-2025,CHEMBARAMBAKKAM,312217,109.7,135,0.0
31-07-2025,CHEMBARAMBAKKAM,312217,132.2,135,0.0
01-08-2025,CHEMBARAMBAKKAM,312217,156.6,135,21.6
02-08-2025,CHEMBARAMBAKKAM,312217,114.9,135,0.0
03-08-2025,CHEMBARAMBAKKAM,312217,141.2,135,6.2
04-08-2025,CHEMBARAMBAKKAM,312217,146.3,135,11.3
05-08-2025,CHEMBARAMBAKKAM,312217,140.2,135,5.2
06-08-2025,CHEMBARAMBAKKAM,312217,135.4,135,0.4
07-08-2025,CHEMBARAMBAKKAM,312217,151.5,135,16.5
08-08-2025,CHEMBARAMBAKKAM,312217,154.3,135,19.3
09-08-2025,CHEMBARAMBAKKAM,312217,145.0,135,10.0
10-08-2025,CHEMBARAMBAKKAM,312217,136.5,135,1.5
11-08-2025,CHEMBARAMBAKKAM,312217,162.3,135,27.3
12-08-2025,CHEMBARAMBAKKAM,312217,118.8,135,0.0
13-08-2025,CHEMBARAMBAKKAM,312217,158.7,135,23.7
14-08-2025,CHEMBARAMBAKKAM,312217,153.4,135,18.4
15-08-2025,CHEMBARAMBAKKAM,312217,149.0,135,14.0
16-08-2025,CHEMBARAMBAKKAM,312217,144.8,135,9.8
17-08-2025,CHEMBARAMBAKKAM,312217,107.2,135,0.0
18-08-2025,CHEMBARAMBAKKAM,312217,172.7,135,37.7
19-08-2025,CHEMBARAMBAKKAM,312217,161.8,135,26.8
20-08-2025,CHEMBARAMBAKKAM,312217,125.8,135,0.0
21-08-2025,CHEMBARAMBAKKAM,312217,160.2,135,25.2
22-08-2025,CHEMBARAMBAKKAM,312217,148.8,135,13.8
23-08-2025,CHEMBARAMBAKKAM,312217,133.3,135,0.0
24-08-2025,CHEMBARAMBAKKAM,312217,168.8,135,33.8
25-08-2025,CHEMBARAMBAKKAM,312217,136.4,135,1.4
26-08-2025,CHEMBARAMBAKKAM,312217,172.1,135,37.1
27-08-2025,CHEMBARAMBAKKAM,312217,155.7,135,20.7
28-08-2025,CHEMBARAMBAKKAM,312217,164.1,135,29.1
29-08-2025,CHEMBARAMBAKKAM,312217,156.6,135,21.6
30-08-2025,CHEMBARAMBAKKAM,312217,155.7,135,20.7
31-08-2025,CHEMBARAMBAKKAM,312217,149.3,135,14.3
01-09-2025,CHEMBARAMBAKKAM,312217,130.5,135,0.0
02-09-2025,CHEMBARAMBAKKAM,312217,146.3,135,11.3
03-09-2025,CHEMBARAMBAKKAM,312217,163.3,135,28.3
04-09-2025,CHEMBARAMBAKKAM,312217,159.4,135,24.4
05-09-2025,CHEMBARAMBAKKAM,312217,155.0,135,20.0
06-09-2025,CHEMBARAMBAKKAM,312217,103.1,135,0.0
07-09-2025,CHEMBARAMBAKKAM,312217,140.7,135,5.7
08-09-2025,CHEMBARAMBAKKAM,312217,138.6,135,3.6
09-09-2025,CHEMBARAMBAKKAM,312217,122.9,135,0.0
10-09-2025,CHEMBARAMBAKKAM,312217,163.1,135,28.1
11-09-2025,CHEMBARAMBAKKAM,312217,104.5,135,0.0
12-09-2025,CHEMBARAMBAKKAM,312217,161.7,135,26.7
13-09-2025,CHEMBARAMBAKKAM,312217,171.6,135,36.6
14-09-2025,CHEMBARAMBAKKAM,312217,140.8,135,5.8
15-09-2025,CHEMBARAMBAKKAM,312217,143.5,135,8.5
16-09-2025,CHEMBARAMBAKKAM,312217,164.4,135,29.4
17-09-2025,CHEMBARAMBAKKAM,312217,129.7,135,0.0
18-09-2025,CHEMBARAMBAKKAM,312217,158.2,135,23.2
19-09-2025,CHEMBARAMBAKKAM,312217,126.6,135,0.0
20-09-2025,CHEMBARAMBAKKAM,312217,120.7,135,0.0
21-09-2025,CHEMBARAMBAKKAM,312217,150.9,135,15.9
22-09-2025,CHEMBARAMBAKKAM,312217,144.5,135,9.5
23-09-2025,CHEMBARAMBAKKAM,312217,110.6,135,0.0
24-09-2025,CHEMBARAMBAKKAM,312217,173.3,135,38.3
25-09-2025,CHEMBARAMBAKKAM,312217,136.7,135,1.7
26-09-2025,CHEMBARAMBAKKAM,312217,155.2,135,20.2
27-09-2025,CHEMBARAMBAKKAM,312217,177.1,135,42.1
28-09-2025,CHEMBARAMBAKKAM,312217,150.0,135,15.0
29-09-2025,CHEMBARAMBAKKAM,312217,170.5,135,35.5
30-09-2025,CHEMBARAMBAKKAM,312217,127.7,135,0.0
01-10-2025,CHEMBARAMBAKKAM,312217,173.4,135,38.4
02-10-2025,CHEMBARAMBAKKAM,312217,128.5,135,0.0
03-10-2025,CHEMBARAMBAKKAM,312217,133.6,135,0.0
04-10-2025,CHEMBARAMBAKKAM,312217,115.9,135,0.0
05-10-2025,CHEMBARAMBAKKAM,312217,150.4,135,15.4
06-10-2025,CHEMBARAMBAKKAM,312217,157.6,135,22.6
07-10-2025,CHEMBARAMBAKKAM,312217,160.3,135,25.3
08-10-2025,CHEMBARAMBAKKAM,312217,116.4,135,0.0
09-10-2025,CHEMBARAMBAKKAM,312217,152.5,135,17.5
10-10-2025,CHEMBARAMBAKKAM,312217,153.2,135,18.2
11-10-2025,CHEMBARAMBAKKAM,312217,157.3,135,22.3
12-10-2025,CHEMBARAMBAKKAM,312217,129.5,135,0.0
13-10-2025,CHEMBARAMBAKKAM,312217,94.9,135,0.0
14-10-2025,CHEMBARAMBAKKAM,312217,159.1,135,24.1
15-10-2025,CHEMBARAMBAKKAM,312217,142.1,135,7.1
16-10-2025,CHEMBARAMBAKKAM,312217,150.6,135,15.6
17-10-2025,CHEMBARAMBAKKAM,312217,143.1,135,8.1
18-10-2025,CHEMBARAMBAKKAM,312217,149.7,135,14.7
19-10-2025,CHEMBARAMBAKKAM,312217,159.7,135,24.7
20-10-2025,CHEMBARAMBAKKAM,312217,107.9,135,0.0
21-10-2025,CHEMBARAMBAKKAM,312217,167.8,135,32.8
22-10-2025,CHEMBARAMBAKKAM,312217,141.4,135,6.4
23-10-2025,CHEMBARAMBAKKAM,312217,177.5,135,42.5
24-10-2025,CHEMBARAMBAKKAM,312217,135.8,135,0.8
25-10-2025,CHEMBARAMBAKKAM,312217,131.4,135,0.0
26-10-2025,CHEMBARAMBAKKAM,312217,142.0,135,7.0
27-10-2025,CHEMBARAMBAKKAM,312217,155.0,135,20.0
28-10-2025,CHEMBARAMBAKKAM,312217,139.5,135,4.5
29-10-2025,CHEMBARAMBAKKAM,312217,156.5,135,21.5
30-10-2025,CHEMBARAMBAKKAM,312217,137.3,135,2.3
31-10-2025,CHEMBARAMBAKKAM,312217,145.7,135,10.7
01-11-2025,CHEMBARAMBAKKAM,312217,189.7,135,54.7
02-11-2025,CHEMBARAMBAKKAM,312217,152.1,135,17.1
03-11-2025,CHEMBARAMBAKKAM,312217,153.7,135,18.7
04-11-2025,CHEMBARAMBAKKAM,312217,115.5,135,0.0
05-11-2025,CHEMBARAMBAKKAM,312217,172.1,135,37.1
06-11-2025,CHEMBARAMBAKKAM,312217,166.3,135,31.3
07-11-2025,CHEMBARAMBAKKAM,312217,130.7,135,0.0
08-11-2025,CHEMBARAMBAKKAM,312217,165.9,135,30.9
09-11-2025,CHEMBARAMBAKKAM,312217,151.6,135,16.6
10-11-2025,CHEMBARAMBAKKAM,312217,145.9,135,10.9
11-11-2025,CHEMBARAMBAKKAM,312217,170.8,135,35.8
12-11-2025,CHEMBARAMBAKKAM,312217,134.8,135,0.0
13-11-2025,CHEMBARAMBAKKAM,312217,130.6,135,0.0
14-11-2025,CHEMBARAMBAKKAM,312217,149.2,135,14.2
15-11-2025,CHEMBARAMBAKKAM,312217,155.6,135,20.6
16-11-2025,CHEMBARAMBAKKAM,312217,164.3,135,29.3
17-11-2025,CHEMBARAMBAKKAM,312217,142.0,135,7.0
18-11-2025,CHEMBARAMBAKKAM,312217,128.0,135,0.0
19-11-2025,CHEMBARAMBAKKAM,312217,195.6,135,60.6
20-11-2025,CHEMBARAMBAKKAM,312217,123.3,135,0.0
21-11-2025,CHEMBARAMBAKKAM,312217,146.1,135,11.1
22-11-2025,CHEMBARAMBAKKAM,312217,160.6,135,25.6
23-11-2025,CHEMBARAMBAKKAM,312217,168.0,135,33.0
24-11-2025,CHEMBARAMBAKKAM,312217,133.7,135,0.0
25-11-2025,CHEMBARAMBAKKAM,312217,107.5,135,0.0
26-11-2025,CHEMBARAMBAKKAM,312217,133.2,135,0.0
27-11-2025,CHEMBARAMBAKKAM,312217,162.2,135,27.2
28-11-2025,CHEMBARAMBAKKAM,312217,157.7,135,22.7
29-11-2025,CHEMBARAMBAKKAM,312217,158.4,135,23.4
30-11-2025,CHEMBARAMBAKKAM,312217,159.2,135,24.2
01-12-2025,CHEMBARAMBAKKAM,312217,171.8,135,36.8
02-12-2025,CHEMBARAMBAKKAM,312217,129.5,135,0.0
03-12-2025,CHEMBARAMBAKKAM,312217,121.0,135,0.0
04-12-2025,CHEMBARAMBAKKAM,312217,152.4,135,17.4
05-12-2025,CHEMBARAMBAKKAM,312217,124.0,135,0.0
06-12-2025,CHEMBARAMBAKKAM,312217,119.8,135,0.0
07-12-2025,CHEMBARAMBAKKAM,312217,169.5,135,34.5
08-12-2025,CHEMBARAMBAKKAM,312217,150.0,135,15.0
09-12-2025,CHEMBARAMBAKKAM,312217,145.6,135,10.6
10-12-2025,CHEMBARAMBAKKAM,312217,146.0,135,11.0
11-12-2025,CHEMBARAMBAKKAM,312217,142.9,135,7.9
12-12-2025,CHEMBARAMBAKKAM,312217,169.3,135,34.3
13-12-2025,CHEMBARAMBAKKAM,312217,114.7,135,0.0
14-12-2025,CHEMBARAMBAKKAM,312217,113.9,135,0.0
15-12-2025,CHEMBARAMBAKKAM,312217,126.3,135,0.0
16-12-2025,CHEMBARAMBAKKAM,312217,150.8,135,15.8
17-12-2025,CHEMBARAMBAKKAM,312217,181.1,135,46.1
18-12-2025,CHEMBARAMBAKKAM,312217,162.4,135,27.4
19-12-2025,CHEMBARAMBAKKAM,312217,156.8,135,21.8
20-12-2025,CHEMBARAMBAKKAM,312217,143.4,135,8.4
21-12-2025,CHEMBARAMBAKKAM,312217,118.3,135,0.0
22-12-2025,CHEMBARAMBAKKAM,312217,155.3,135,20.3
23-12-2025,CHEMBARAMBAKKAM,312217,185.5,135,50.5
24-12-2025,CHEMBARAMBAKKAM,312217,140.2,135,5.2
25-12-2025,CHEMBARAMBAKKAM,312217,133.8,135,0.0
26-12-2025,CHEMBARAMBAKKAM,312217,140.3,135,5.3
27-12-2025,CHEMBARAMBAKKAM,312217,157.0,135,22.0
28-12-2025,CHEMBARAMBAKKAM,312217,147.2,135,12.2
29-12-2025,CHEMBARAMBAKKAM,312217,163.2,135,28.2
30-12-2025,CHEMBARAMBAKKAM,312217,144.3,135,9.3
31-12-2025,CHEMBARAMBAKKAM,312217,140.2,135,5.2
01-01-2026,CHEMBARAMBAKKAM,312217,149.6,135,14.6
02-01-2026,CHEMBARAMBAKKAM,312217,134.2,135,0.0
03-01-2026,CHEMBARAMBAKKAM,312217,179.8,135,44.8
04-01-2026,CHEMBARAMBAKKAM,312217,161.5,135,26.5
05-01-2026,CHEMBARAMBAKKAM,312217,123.0,135,0.0
06-01-2026,CHEMBARAMBAKKAM,312217,130.1,135,0.0
07-01-2026,CHEMBARAMBAKKAM,312217,156.3,135,21.3
08-01-2026,CHEMBARAMBAKKAM,312217,148.7,135,13.7
09-01-2026,CHEMBARAMBAKKAM,312217,151.1,135,16.1
10-01-2026,CHEMBARAMBAKKAM,312217,141.2,135,6.2
11-01-2026,CHEMBARAMBAKKAM,312217,154.1,135,19.1
12-01-2026,CHEMBARAMBAKKAM,312217,141.6,135,6.6
13-01-2026,CHEMBARAMBAKKAM,312217,156.3,135,21.3
14-01-2026,CHEMBARAMBAKKAM,312217,160.5,135,25.5
15-01-2026,CHEMBARAMBAKKAM,312217,177.1,135,42.1
16-01-2026,CHEMBARAMBAKKAM,312217,134.7,135,0.0
17-01-2026,CHEMBARAMBAKKAM,312217,144.8,135,9.8
18-01-2026,CHEMBARAMBAKKAM,312217,120.6,135,0.0
19-01-2026,CHEMBARAMBAKKAM,312217,181.5,135,46.5
20-01-2026,CHEMBARAMBAKKAM,312217,105.5,135,0.0
21-01-2026,CHEMBARAMBAKKAM,312217,178.7,135,43.7
22-01-2026,CHEMBARAMBAKKAM,312217,146.9,135,11.9
23-01-2026,CHEMBARAMBAKKAM,312217,153.4,135,18.4
24-01-2026,CHEMBARAMBAKKAM,312217,141.7,135,6.7
25-01-2026,CHEMBARAMBAKKAM,312217,145.6,135,10.6
26-01-2026,CHEMBARAMBAKKAM,312217,156.8,135,21.8
27-01-2026,CHEMBARAMBAKKAM,312217,112.3,135,0.0
28-01-2026,CHEMBARAMBAKKAM,312217,132.0,135,0.0
29-01-2026,CHEMBARAMBAKKAM,312217,128.1,135,0.0
30-01-2026,CHEMBARAMBAKKAM,312217,153.9,135,18.9
31-01-2026,CHEMBARAMBAKKAM,312217,145.1,135,10.1
01-02-2026,CHEMBARAMBAKKAM,312217,157.4,135,22.4
02-02-2026,CHEMBARAMBAKKAM,312217,148.3,135,13.3
03-02-2026,CHEMBARAMBAKKAM,312217,166.2,135,31.2
04-02-2026,CHEMBARAMBAKKAM,312217,130.2,135,0.0
05-02-2026,CHEMBARAMBAKKAM,312217,146.2,135,11.2
06-02-2026,CHEMBARAMBAKKAM,312217,167.2,135,32.2
07-02-2026,CHEMBARAMBAKKAM,312217,163.2,135,28.2
08-02-2026,CHEMBARAMBAKKAM,312217,115.4,135,0.0
09-02-2026,CHEMBARAMBAKKAM,312217,124.6,135,0.0
10-02-2026,CHEMBARAMBAKKAM,312217,143.4,135,8.4
11-02-2026,CHEMBARAMBAKKAM,312217,140.3,135,5.3
12-02-2026,CHEMBARAMBAKKAM,312217,143.7,135,8.7
13-02-2026,CHEMBARAMBAKKAM,312217,160.9,135,25.9
14-02-2026,CHEMBARAMBAKKAM,312217,150.8,135,15.8
15-02-2026,CHEMBARAMBAKKAM,312217,152.0,135,17.0
16-02-2026,CHEMBARAMBAKKAM,312217,158.4,135,23.4
17-02-2026,CHEMBARAMBAKKAM,312217,166.5,135,31.5
18-02-2026,CHEMBARAMBAKKAM,312217,83.9,135,0.0
19-02-2026,CHEMBARAMBAKKAM,312217,137.3,135,2.3
20-02-2026,CHEMBARAMBAKKAM,312217,127.3,135,0.0
21-02-2026,CHEMBARAMBAKKAM,312217,154.5,135,19.5
22-02-2026,CHEMBARAMBAKKAM,312217,135.8,135,0.8
23-02-2026,CHEMBARAMBAKKAM,312217,146.5,135,11.5
24-02-2026,CHEMBARAMBAKKAM,312217,162.0,135,27.0
25-02-2026,CHEMBARAMBAKKAM,312217,132.9,135,0.0
26-02-2026,CHEMBARAMBAKKAM,312217,152.3,135,17.3
27-02-2026,CHEMBARAMBAKKAM,312217,176.1,135,41.1
28-02-2026,CHEMBARAMBAKKAM,312217,161.6,135,26.6
01-03-2026,CHEMBARAMBAKKAM,312217,113.3,135,0.0
02-03-2026,CHEMBARAMBAKKAM,312217,139.2,135,4.2
03-03-2026,CHEMBARAMBAKKAM,312217,152.1,135,17.1
04-03-2026,CHEMBARAMBAKKAM,312217,156.1,135,21.1
05-03-2026,CHEMBARAMBAKKAM,312217,140.0,135,5.0
06-03-2026,CHEMBARAMBAKKAM,312217,132.2,135,0.0
07-03-2026,CHEMBARAMBAKKAM,312217,146.4,135,11.4
08-03-2026,CHEMBARAMBAKKAM,312217,123.3,135,0.0
09-03-2026,CHEMBARAMBAKKAM,312217,167.0,135,32.0
10-03-2026,CHEMBARAMBAKKAM,312217,182.4,135,47.4
11-03-2026,CHEMBARAMBAKKAM,312217,152.9,135,17.9
12-03-2026,CHEMBARAMBAKKAM,312217,140.4,135,5.4
13-03-2026,CHEMBARAMBAKKAM,312217,163.8,135,28.8
14-03-2026,CHEMBARAMBAKKAM,312217,160.4,135,25.4
15-03-2026,CHEMBARAMBAKKAM,312217,139.5,135,4.5
16-03-2026,CHEMBARAMBAKKAM,312217,144.0,135,9.0
17-03-2026,CHEMBARAMBAKKAM,312217,132.8,135,0.0
18-03-2026,CHEMBARAMBAKKAM,312217,148.3,135,13.3
19-03-2026,CHEMBARAMBAKKAM,312217,151.0,135,16.0
20-03-2026,CHEMBARAMBAKKAM,312217,129.4,135,0.0
21-03-2026,CHEMBARAMBAKKAM,312217,123.5,135,0.0
22-03-2026,CHEMBARAMBAKKAM,312217,118.5,135,0.0
23-03-2026,CHEMBARAMBAKKAM,312217,153.3,135,18.3
24-03-2026,CHEMBARAMBAKKAM,312217,144.8,135,9.8
25-03-2026,CHEMBARAMBAKKAM,312217,143.3,135,8.3
26-03-2026,CHEMBARAMBAKKAM,312217,154.3,135,19.3
27-03-2026,CHEMBARAMBAKKAM,312217,127.0,135,0.0
28-03-2026,CHEMBARAMBAKKAM,312217,123.6,135,0.0
29-03-2026,CHEMBARAMBAKKAM,312217,149.8,135,14.8
30-03-2026,CHEMBARAMBAKKAM,312217,110.4,135,0.0
31-03-2026,CHEMBARAMBAKKAM,312217,139.8,135,4.8
01-04-2026,CHEMBARAMBAKKAM,312217,194.3,135,59.3
02-04-2026,CHEMBARAMBAKKAM,312217,118.0,135,0.0
03-04-2026,CHEMBARAMBAKKAM,312217,136.4,135,1.4
04-04-2026,CHEMBARAMBAKKAM,312217,102.5,135,0.0
05-04-2026,CHEMBARAMBAKKAM,312217,140.3,135,5.3
06-04-2026,CHEMBARAMBAKKAM,312217,184.3,135,49.3
07-04-2026,CHEMBARAMBAKKAM,312217,154.3,135,19.3
08-04-2026,CHEMBARAMBAKKAM,312217,132.7,135,0.0
09-04-2026,CHEMBARAMBAKKAM,312217,188.6,135,53.6
10-04-2026,CHEMBARAMBAKKAM,312217,110.2,135,0.0
11-04-2026,CHEMBARAMBAKKAM,312217,154.1,135,19.1
12-04-2026,CHEMBARAMBAKKAM,312217,146.3,135,11.3
13-04-2026,CHEMBARAMBAKKAM,312217,140.1,135,5.1
14-04-2026,CHEMBARAMBAKKAM,312217,161.1,135,26.1
15-04-2026,CHEMBARAMBAKKAM,312217,121.4,135,0.0
16-04-2026,CHEMBARAMBAKKAM,312217,151.3,135,16.3
17-04-2026,CHEMBARAMBAKKAM,312217,148.7,135,13.7
18-04-2026,CHEMBARAMBAKKAM,312217,127.6,135,0.0
19-04-2026,CHEMBARAMBAKKAM,312217,184.0,135,49.0
20-04-2026,CHEMBARAMBAKKAM,312217,141.4,135,6.4
21-04-2026,CHEMBARAMBAKKAM,312217,142.2,135,7.2
22-04-2026,CHEMBARAMBAKKAM,312217,124.4,135,0.0
23-04-2026,CHEMBARAMBAKKAM,312217,141.7,135,6.7
24-04-2026,CHEMBARAMBAKKAM,312217,191.7,135,56.7
25-04-2026,CHEMBARAMBAKKAM,312217,139.9,135,4.9
26-04-2026,CHEMBARAMBAKKAM,312217,155.4,135,20.4
27-04-2026,CHEMBARAMBAKKAM,312217,164.0,135,29.0
28-04-2026,CHEMBARAMBAKKAM,312217,141.4,135,6.4
29-04-2026,CHEMBARAMBAKKAM,312217,136.8,135,1.8
30-04-2026,CHEMBARAMBAKKAM,312217,154.4,135,19.4
01-05-2026,CHEMBARAMBAKKAM,312217,140.2,135,5.2
02-05-2026,CHEMBARAMBAKKAM,312217,138.4,135,3.4
03-05-2026,CHEMBARAMBAKKAM,312217,163.8,135,28.8
04-05-2026,CHEMBARAMBAKKAM,312217,143.6,135,8.6
05-05-2026,CHEMBARAMBAKKAM,312217,169.3,135,34.3
06-05-2026,CHEMBARAMBAKKAM,312217,143.2,135,8.2
07-05-2026,CHEMBARAMBAKKAM,312217,118.7,135,0.0
08-05-2026,CHEMBARAMBAKKAM,312217,76.5,135,0.0
09-05-2026,CHEMBARAMBAKKAM,312217,108.2,135,0.0
10-05-2026,CHEMBARAMBAKKAM,312217,111.7,135,0.0
11-05-2026,CHEMBARAMBAKKAM,312217,150.3,135,15.3
12-05-2026,CHEMBARAMBAKKAM,312217,125.6,135,0.0
13-05-2026,CHEMBARAMBAKKAM,312217,105.5,135,0.0
14-05-2026,CHEMBARAMBAKKAM,312217,142.4,135,7.4
15-05-2026,CHEMBARAMBAKKAM,312217,123.4,135,0.0
16-05-2026,CHEMBARAMBAKKAM,312217,154.3,135,19.3
17-05-2026,CHEMBARAMBAKKAM,312217,153.8,135,18.8
18-05-2026,CHEMBARAMBAKKAM,312217,155.9,135,20.9
19-05-2026,CHEMBARAMBAKKAM,312217,93.8,135,0.0
20-05-2026,CHEMBARAMBAKKAM,312217,145.9,135,10.9
21-05-2026,CHEMBARAMBAKKAM,312217,142.6,135,7.6
22-05-2026,CHEMBARAMBAKKAM,312217,120.6,135,0.0
23-05-2026,CHEMBARAMBAKKAM,312217,102.3,135,0.0
24-05-2026,CHEMBARAMBAKKAM,312217,142.8,135,7.8
25-05-2026,CHEMBARAMBAKKAM,312217,166.3,135,31.3
26-05-2026,CHEMBARAMBAKKAM,312217,93.4,135,0.0
27-05-2026,CHEMBARAMBAKKAM,312217,128.3,135,0.0
28-05-2026,CHEMBARAMBAKKAM,312217,147.6,135,12.6
29-05-2026,CHEMBARAMBAKKAM,312217,167.5,135,32.5
30-05-2026,CHEMBARAMBAKKAM,312217,138.8,135,3.8
31-05-2026,CHEMBARAMBAKKAM,312217,183.6,135,48.6
01-06-2026,CHEMBARAMBAKKAM,312217,109.1,135,0.0
02-06-2026,CHEMBARAMBAKKAM,312217,104.7,135,0.0
03-06-2026,CHEMBARAMBAKKAM,312217,165.4,135,30.4
04-06-2026,CHEMBARAMBAKKAM,312217,98.0,135,0.0
05-06-2026,CHEMBARAMBAKKAM,312217,154.2,135,19.2
06-06-2026,CHEMBARAMBAKKAM,312217,139.1,135,4.1
07-06-2026,CHEMBARAMBAKKAM,312217,127.0,135,0.0
08-06-2026,CHEMBARAMBAKKAM,312217,136.5,135,1.5
09-06-2026,CHEMBARAMBAKKAM,312217,119.2,135,0.0
10-06-2026,CHEMBARAMBAKKAM,312217,138.6,135,3.6
11-06-2026,CHEMBARAMBAKKAM,312217,145.3,135,10.3
12-06-2026,CHEMBARAMBAKKAM,312217,136.7,135,1.7
13-06-2026,CHEMBARAMBAKKAM,312217,133.3,135,0.0
14-06-2026,CHEMBARAMBAKKAM,312217,150.1,135,15.1
15-06-2026,CHEMBARAMBAKKAM,312217,178.2,135,43.2
16-06-2026,CHEMBARAMBAKKAM,312217,139.7,135,4.7
17-06-2026,CHEMBARAMBAKKAM,312217,161.4,135,26.4
18-06-2026,CHEMBARAMBAKKAM,312217,125.7,135,0.0
19-06-2026,CHEMBARAMBAKKAM,312217,118.3,135,0.0
20-06-2026,CHEMBARAMBAKKAM,312217,154.1,135,19.1
21-06-2026,CHEMBARAMBAKKAM,312217,140.3,135,5.3
22-06-2026,CHEMBARAMBAKKAM,312217,167.6,135,32.6
23-06-2026,CHEMBARAMBAKKAM,312217,171.5,135,36.5
24-06-2026,CHEMBARAMBAKKAM,312217,161.8,135,26.8
25-06-2026,CHEMBARAMBAKKAM,312217,161.3,135,26.3
26-06-2026,CHEMBARAMBAKKAM,312217,76.5,135,0.0
27-06-2026,CHEMBARAMBAKKAM,312217,153.9,135,18.9
28-06-2026,CHEMBARAMBAKKAM,312217,162.3,135,27.3
29-06-2026,CHEMBARAMBAKKAM,312217,119.6,135,0.0
30-06-2026,CHEMBARAMBAKKAM,312217,145.2,135,10.2
01-07-2026,CHEMBARAMBAKKAM,312217,124.1,135,0.0
02-07-2026,CHEMBARAMBAKKAM,312217,165.6,135,30.6
03-07-2026,CHEMBARAMBAKKAM,312217,125.9,135,0.0
04-07-2026,CHEMBARAMBAKKAM,312217,129.1,135,0.0
05-07-2026,CHEMBARAMBAKKAM,312217,135.7,135,0.7
06-07-2026,CHEMBARAMBAKKAM,312217,190.0,135,55.0
07-07-2026,CHEMBARAMBAKKAM,312217,165.1,135,30.1
08-07-2026,CHEMBARAMBAKKAM,312217,177.3,135,42.3
09-07-2026,CHEMBARAMBAKKAM,312217,108.7,135,0.0
10-07-2026,CHEMBARAMBAKKAM,312217,119.6,135,0.0
11-07-2026,CHEMBARAMBAKKAM,312217,171.8,135,36.8
12-07-2026,CHEMBARAMBAKKAM,312217,109.8,135,0.0
13-07-2026,CHEMBARAMBAKKAM,312217,131.6,135,0.0
14-07-2026,CHEMBARAMBAKKAM,312217,186.1,135,51.1
15-07-2026,CHEMBARAMBAKKAM,312217,125.7,135,0.0
16-07-2026,CHEMBARAMBAKKAM,312217,108.6,135,0.0
17-07-2026,CHEMBARAMBAKKAM,312217,145.9,135,10.9
18-07-2026,CHEMBARAMBAKKAM,312217,109.4,135,0.0
19-07-2026,CHEMBARAMBAKKAM,312217,169.7,135,34.7
20-07-2026,CHEMBARAMBAKKAM,312217,127.1,135,0.0
21-07-2026,CHEMBARAMBAKKAM,312217,123.1,135,0.0
22-07-2026,CHEMBARAMBAKKAM,312217,145.6,135,10.6
23-07-2026,CHEMBARAMBAKKAM,312217,136.9,135,1.9
24-07-2026,CHEMBARAMBAKKAM,312217,150.0,135,15.0
25-07-2026,CHEMBARAMBAKKAM,312217,155.4,135,20.4
26-07-2026,CHEMBARAMBAKKAM,312217,140.7,135,5.7
27-07-2026,CHEMBARAMBAKKAM,312217,121.8,135,0.0
28-07-2026,CHEMBARAMBAKKAM,312217,159.6,135,24.6
29-07-2026,CHEMBARAMBAKKAM,312217,131.1,135,0.0
30-07-2026,CHEMBARAMBAKKAM,312217,127.6,135,0.0
31-07-2026,CHEMBARAMBAKKAM,312217,147.9,135,12.9
01-08-2026,CHEMBARAMBAKKAM,312217,106.4,135,0.0
02-08-2026,CHEMBARAMBAKKAM,312217,152.8,135,17.8
03-08-2026,CHEMBARAMBAKKAM,312217,148.9,135,13.9
04-08-2026,CHEMBARAMBAKKAM,312217,167.4,135,32.4
05-08-2026,CHEMBARAMBAKKAM,312217,135.0,135,0.0
06-08-2026,CHEMBARAMBAKKAM,312217,171.5,135,36.5
07-08-2026,CHEMBARAMBAKKAM,312217,155.6,135,20.6
08-08-2026,CHEMBARAMBAKKAM,312217,144.5,135,9.5
09-08-2026,CHEMBARAMBAKKAM,312217,181.3,135,46.3
10-08-2026,CHEMBARAMBAKKAM,312217,146.9,135,11.9
11-08-2026,CHEMBARAMBAKKAM,312217,134.6,135,0.0
12-08-2026,CHEMBARAMBAKKAM,312217,147.5,135,12.5
13-08-2026,CHEMBARAMBAKKAM,312217,134.2,135,0.0
14-08-2026,CHEMBARAMBAKKAM,312217,152.5,135,17.5
15-08-2026,CHEMBARAMBAKKAM,312217,171.4,135,36.4
16-08-2026,CHEMBARAMBAKKAM,312217,144.8,135,9.8
17-08-2026,CHEMBARAMBAKKAM,312217,146.8,135,11.8
18-08-2026,CHEMBARAMBAKKAM,312217,161.0,135,26.0
19-08-2026,CHEMBARAMBAKKAM,312217,168.7,135,33.7
20-08-2026,CHEMBARAMBAKKAM,312217,135.9,135,0.9
21-08-2026,CHEMBARAMBAKKAM,312217,148.4,135,13.4
22-08-2026,CHEMBARAMBAKKAM,312217,161.0,135,26.0
23-08-2026,CHEMBARAMBAKKAM,312217,151.6,135,16.6
24-08-2026,CHEMBARAMBAKKAM,312217,107.8,135,0.0
25-08-2026,CHEMBARAMBAKKAM,312217,164.7,135,29.7
26-08-2026,CHEMBARAMBAKKAM,312217,155.5,135,20.5
27-08-2026,CHEMBARAMBAKKAM,312217,156.9,135,21.9
28-08-2026,CHEMBARAMBAKKAM,312217,121.2,135,0.0
29-08-2026,CHEMBARAMBAKKAM,312217,148.0,135,13.0
30-08-2026,CHEMBARAMBAKKAM,312217,161.9,135,26.9
31-08-2026,CHEMBARAMBAKKAM,312217,127.4,135,0.0
01-09-2026,CHEMBARAMBAKKAM,312217,132.6,135,0.0
02-09-2026,CHEMBARAMBAKKAM,312217,162.2,135,27.2
03-09-2026,CHEMBARAMBAKKAM,312217,131.7,135,0.0
04-09-2026,CHEMBARAMBAKKAM,312217,140.8,135,5.8
05-09-2026,CHEMBARAMBAKKAM,312217,124.3,135,0.0
06-09-2026,CHEMBARAMBAKKAM,312217,181.4,135,46.4
07-09-2026,CHEMBARAMBAKKAM,312217,155.4,135,20.4
08-09-2026,CHEMBARAMBAKKAM,312217,139.9,135,4.9
09-09-2026,CHEMBARAMBAKKAM,312217,136.2,135,1.2
10-09-2026,CHEMBARAMBAKKAM,312217,120.4,135,0.0
11-09-2026,CHEMBARAMBAKKAM,312217,142.8,135,7.8
12-09-2026,CHEMBARAMBAKKAM,312217,158.3,135,23.3
13-09-2026,CHEMBARAMBAKKAM,312217,128.8,135,0.0
14-09-2026,CHEMBARAMBAKKAM,312217,147.1,135,12.1
15-09-2026,CHEMBARAMBAKKAM,312217,137.7,135,2.7
16-09-2026,CHEMBARAMBAKKAM,312217,172.6,135,37.6
